Watching for file changes with StatReloader
Waiting for apps ready_event.
Apps ready_event triggered. Sending autoreload_started signal.
Watching dir C:\Users\USER\Documents\Git\inverter_project\venv\lib\site-packages\jazzmin\templates with glob **/*.
Watching dir C:\Users\USER\Documents\Git\inverter_project\inverter_project\inverter_project\templates with glob **/*.
Watching dir C:\Users\USER\Documents\Git\inverter_project\venv\lib\site-packages\drf_yasg\templates with glob **/*.
Watching dir C:\Users\USER\Documents\Git\inverter_project\venv\lib\site-packages\rest_framework_swagger\templates with glob **/*.
Watching dir C:\Users\USER\Documents\Git\inverter_project\venv\lib\site-packages\rest_framework\templates with glob **/*.
Watching dir C:\Users\USER\Documents\Git\inverter_project\inverter_project\locale with glob **/*.mo.
Watching dir C:\Users\USER\Documents\Git\inverter_project\venv\lib\site-packages\jazzmin\locale with glob **/*.mo.
Watching dir C:\Users\USER\Documents\Git\inverter_project\inverter_project\power_calculator\locale with glob **/*.mo.
Watching dir C:\Users\USER\Documents\Git\inverter_project\venv\lib\site-packages\rest_framework\locale with glob **/*.mo.
Watching dir C:\Users\USER\Documents\Git\inverter_project\inverter_project\api\locale with glob **/*.mo.
Watching dir C:\Users\USER\Documents\Git\inverter_project\venv\lib\site-packages\rest_framework_swagger\locale with glob **/*.mo.
Watching dir C:\Users\USER\Documents\Git\inverter_project\venv\lib\site-packages\drf_yasg\locale with glob **/*.mo.
Watching dir C:\Users\USER\Documents\Git\inverter_project\venv\lib\site-packages\corsheaders\locale with glob **/*.mo.
File C:\Users\USER\Documents\Git\inverter_project\venv\Lib\site-packages\rest_framework_swagger\__init__.py first seen with mtime 1718363000.0335162
File C:\Users\USER\Documents\Git\inverter_project\inverter_project\power_calculator\validators.py first seen with mtime 1719050644.6050413
File C:\Users\USER\Documents\Git\inverter_project\venv\Lib\site-packages\django\db\backends\__init__.py first seen with mtime 1718021031.110019
File C:\Python39\DLLs\_ssl.pyd first seen with mtime 1630352204.0
File C:\Users\USER\Documents\Git\inverter_project\venv\Lib\site-packages\rest_framework\__init__.py first seen with mtime 1717948581.065864
File C:\Python39\Lib\locale.py first seen with mtime 1630352124.0
File C:\Users\USER\Documents\Git\inverter_project\venv\Lib\site-packages\sympy\core\containers.py first seen with mtime 1718278171.2833548
File C:\Users\USER\Documents\Git\inverter_project\inverter_project\api\admin.py first seen with mtime 1718026081.0826695
File C:\Users\USER\Documents\Git\inverter_project\venv\Lib\site-packages\django\db\models\functions\comparison.py first seen with mtime 1718021032.506418
File C:\Users\USER\Documents\Git\inverter_project\venv\Lib\site-packages\django\views\i18n.py first seen with mtime 1718021033.2475808
File C:\Users\USER\Documents\Git\inverter_project\venv\Lib\site-packages\win32com\__init__.py first seen with mtime 1729175892.0532317
File C:\Users\USER\Documents\Git\inverter_project\venv\Lib\site-packages\sympy\simplify\cse_main.py first seen with mtime 1718278180.4992077
File C:\Users\USER\Documents\Git\inverter_project\venv\Lib\site-packages\sympy\concrete\__init__.py first seen with mtime 1718278170.6450303
File C:\Users\USER\Documents\Git\inverter_project\venv\Lib\site-packages\mpmath\functions\theta.py first seen with mtime 1718278155.1911788
File C:\Users\USER\Documents\Git\inverter_project\venv\Lib\site-packages\django\utils\decorators.py first seen with mtime 1718021033.11744
File C:\Users\USER\Documents\Git\inverter_project\venv\Lib\site-packages\django\core\files\storage\mixins.py first seen with mtime 1718021030.906606
File C:\Python39\Lib\encodings\__init__.py first seen with mtime 1630352124.0
File C:\Users\USER\Documents\Git\inverter_project\venv\Lib\site-packages\itypes.py first seen with mtime 1718362986.5039256
File C:\Users\USER\Documents\Git\inverter_project\venv\Lib\site-packages\psycopg2\_range.py first seen with mtime 1718705950.485953
File C:\Users\USER\Documents\Git\inverter_project\venv\Lib\site-packages\sympy\polys\domains\modularinteger.py first seen with mtime 1718278175.7275734
File C:\Users\USER\Documents\Git\inverter_project\venv\Lib\site-packages\charset_normalizer\api.py first seen with mtime 1718362993.1761093
File C:\Users\USER\Documents\Git\inverter_project\venv\Lib\site-packages\sqlparse\filters\tokens.py first seen with mtime 1717948325.8773131
File C:\Users\USER\Documents\Git\inverter_project\venv\Lib\site-packages\django\contrib\contenttypes\apps.py first seen with mtime 1718021008.9892828
File C:\Users\USER\Documents\Git\inverter_project\venv\Lib\site-packages\win32\lib\pywin32_bootstrap.py first seen with mtime 1729175891.1413684
File C:\Users\USER\Documents\Git\inverter_project\inverter_project\power_calculator\serializers.py first seen with mtime 1718813001.371472
File C:\Users\USER\Documents\Git\inverter_project\venv\Lib\site-packages\jinja2\lexer.py first seen with mtime 1718362995.7936502
File C:\Users\USER\Documents\Git\inverter_project\venv\Lib\site-packages\mpmath\ctx_fp.py first seen with mtime 1718278155.0896018
File C:\Python39\Lib\email\errors.py first seen with mtime 1630352124.0
File C:\Users\USER\Documents\Git\inverter_project\venv\Lib\site-packages\pkg_resources\_vendor\packaging\__about__.py first seen with mtime 1717947458.479128
File C:\Users\USER\Documents\Git\inverter_project\venv\Lib\site-packages\yaml\constructor.py first seen with mtime 1718362168.7910192
File C:\Users\USER\Documents\Git\inverter_project\venv\Lib\site-packages\mpmath\functions\bessel.py first seen with mtime 1718278155.1711798
File C:\Users\USER\Documents\Git\inverter_project\venv\Lib\site-packages\rest_framework\schemas\openapi.py first seen with mtime 1717948584.1183028
File C:\Users\USER\Documents\Git\inverter_project\venv\Lib\site-packages\django\contrib\sites\shortcuts.py first seen with mtime 1718021026.9411798
File C:\Users\USER\Documents\Git\inverter_project\venv\Lib\site-packages\simplejson\errors.py first seen with mtime 1718362989.93986
File C:\Python39\Lib\encodings\latin_1.py first seen with mtime 1630352124.0
File C:\Users\USER\Documents\Git\inverter_project\venv\Lib\site-packages\sympy\polys\fglmtools.py first seen with mtime 1718278175.3968246
File C:\Python39\Lib\uu.py first seen with mtime 1630352126.0
File C:\Users\USER\Documents\Git\inverter_project\venv\Lib\site-packages\sympy\matrices\sparse.py first seen with mtime 1718278172.9501894
File C:\Users\USER\Documents\Git\inverter_project\venv\Lib\site-packages\django\contrib\staticfiles\utils.py first seen with mtime 1718021030.7457607
File C:\Users\USER\Documents\Git\inverter_project\venv\Lib\site-packages\sympy\core\random.py first seen with mtime 1718278171.4407425
File C:\Python39\Lib\ipaddress.py first seen with mtime 1630352124.0
File C:\Python39\Lib\reprlib.py first seen with mtime 1630352126.0
File C:\Users\USER\Documents\Git\inverter_project\venv\Lib\site-packages\sympy\solvers\diophantine\diophantine.py first seen with mtime 1718278180.702676
File C:\Users\USER\Documents\Git\inverter_project\venv\Lib\site-packages\django\contrib\staticfiles\management\commands\__init__.py first seen with mtime 1718021030.7525058
File C:\Users\USER\Documents\Git\inverter_project\venv\Lib\site-packages\sympy\polys\polyroots.py first seen with mtime 1718278175.4890077
File C:\Users\USER\Documents\Git\inverter_project\venv\Lib\site-packages\sympy\tensor\array\sparse_ndim_array.py first seen with mtime 1718278181.4144177
File C:\Users\USER\Documents\Git\inverter_project\venv\Lib\site-packages\sympy\sets\handlers\__init__.py first seen with mtime 1718278179.5302296
File C:\Users\USER\Documents\Git\inverter_project\venv\Lib\site-packages\sympy\polys\matrices\ddm.py first seen with mtime 1718278175.88903
File C:\Users\USER\Documents\Git\inverter_project\venv\Lib\site-packages\sympy\polys\galoistools.py first seen with mtime 1718278175.4490075
File C:\Python39\Lib\asyncio\exceptions.py first seen with mtime 1630352124.0
File C:\Users\USER\Documents\Git\inverter_project\venv\Lib\site-packages\django\contrib\admin\checks.py first seen with mtime 1718021002.2035403
File C:\Users\USER\Documents\Git\inverter_project\venv\Lib\site-packages\django\contrib\admin\views\__init__.py first seen with mtime 1718021005.433745
File C:\Python39\Lib\site.py first seen with mtime 1630352126.0
File C:\Python39\Lib\getpass.py first seen with mtime 1630352124.0
File C:\Users\USER\Documents\Git\inverter_project\venv\Lib\site-packages\mpmath\usertools.py first seen with mtime 1718278155.1414013
File C:\Users\USER\Documents\Git\inverter_project\venv\Lib\site-packages\django\db\migrations\exceptions.py first seen with mtime 1718021032.3378847
File C:\Users\USER\Documents\Git\inverter_project\venv\Lib\site-packages\rest_framework\utils\breadcrumbs.py first seen with mtime 1717948590.7487042
File C:\Users\USER\Documents\Git\inverter_project\venv\Lib\site-packages\django\utils\functional.py first seen with mtime 1718021033.1350174
File C:\Users\USER\Documents\Git\inverter_project\venv\Lib\site-packages\requests\_internal_utils.py first seen with mtime 1718362994.7652237
File C:\Users\USER\Documents\Git\inverter_project\venv\Lib\site-packages\mpmath\math2.py first seen with mtime 1718278155.1374075
File C:\Users\USER\Documents\Git\inverter_project\venv\Lib\site-packages\django\utils\cache.py first seen with mtime 1718021033.0980084
File C:\Users\USER\Documents\Git\inverter_project\venv\Lib\site-packages\django\core\checks\security\base.py first seen with mtime 1718021030.8674057
File C:\Users\USER\Documents\Git\inverter_project\venv\Lib\site-packages\django\db\models\fields\proxy.py first seen with mtime 1718021032.4851909
File C:\Python39\Lib\xml\parsers\__init__.py first seen with mtime 1630352126.0
File C:\Python39\Lib\email\mime\message.py first seen with mtime 1630352124.0
File C:\Users\USER\Documents\Git\inverter_project\venv\Lib\site-packages\coreschema\utils.py first seen with mtime 1718362997.6686015
File C:\Users\USER\Documents\Git\inverter_project\venv\Lib\site-packages\simplejson\decoder.py first seen with mtime 1718362989.9358563
File C:\Users\USER\Documents\Git\inverter_project\venv\Lib\site-packages\sympy\matrices\immutable.py first seen with mtime 1718278172.9341903
File C:\Users\USER\Documents\Git\inverter_project\venv\Lib\site-packages\rest_framework\relations.py first seen with mtime 1717948581.3046162
File C:\Users\USER\Documents\Git\inverter_project\venv\Lib\site-packages\django\core\validators.py first seen with mtime 1718021030.7949016
File C:\Python39\Lib\xml\__init__.py first seen with mtime 1630352126.0
File C:\Users\USER\Documents\Git\inverter_project\venv\Lib\site-packages\sympy\plotting\intervalmath\interval_membership.py first seen with mtime 1718278175.0842338
File C:\Users\USER\Documents\Git\inverter_project\venv\Lib\site-packages\sympy\printing\python.py first seen with mtime 1718278176.6109166
File C:\Users\USER\Documents\Git\inverter_project\venv\Lib\site-packages\django\db\backends\base\operations.py first seen with mtime 1718021032.1785903
File C:\Users\USER\Documents\Git\inverter_project\venv\Lib\site-packages\rest_framework\utils\field_mapping.py first seen with mtime 1717948590.7487042
File C:\Python39\Lib\html\parser.py first seen with mtime 1630352124.0
File C:\Users\USER\Documents\Git\inverter_project\venv\Lib\site-packages\django\template\backends\base.py first seen with mtime 1718021032.968631
File C:\Users\USER\Documents\Git\inverter_project\venv\Lib\site-packages\django\contrib\admin\helpers.py first seen with mtime 1718021002.2635467
File C:\Users\USER\Documents\Git\inverter_project\venv\Lib\site-packages\django\contrib\postgres\forms\hstore.py first seen with mtime 1718021021.0090835
File C:\Python39\Lib\email\quoprimime.py first seen with mtime 1630352124.0
File C:\Python39\Lib\_sitebuiltins.py first seen with mtime 1630352124.0
File C:\Python39\Lib\asyncio\futures.py first seen with mtime 1630352124.0
File C:\Users\USER\Documents\Git\inverter_project\venv\Lib\site-packages\django\utils\encoding.py first seen with mtime 1718021033.1231945
File C:\Python39\Lib\zoneinfo\_common.py first seen with mtime 1630352126.0
File C:\Users\USER\Documents\Git\inverter_project\venv\Lib\site-packages\django\conf\locale\__init__.py first seen with mtime 1718020999.990179
File C:\Python39\Lib\decimal.py first seen with mtime 1630352124.0
File C:\Users\USER\Documents\Git\inverter_project\venv\Lib\site-packages\django\db\backends\postgresql\introspection.py first seen with mtime 1718021032.2974784
File C:\Python39\DLLs\_hashlib.pyd first seen with mtime 1630352202.0
File C:\Users\USER\Documents\Git\inverter_project\venv\Lib\site-packages\sympy\printing\glsl.py first seen with mtime 1718278176.5292487
File C:\Users\USER\Documents\Git\inverter_project\venv\Lib\site-packages\django\db\models\utils.py first seen with mtime 1718021032.4648938
File C:\Users\USER\Documents\Git\inverter_project\venv\Lib\site-packages\sympy\core\alphabets.py first seen with mtime 1718278171.1322665
File C:\Users\USER\Documents\Git\inverter_project\venv\Lib\site-packages\django\apps\__init__.py first seen with mtime 1718020999.9044425
File C:\Users\USER\Documents\Git\inverter_project\venv\Lib\site-packages\coreapi\codecs\text.py first seen with mtime 1718362998.115635
File C:\Users\USER\Documents\Git\inverter_project\venv\Lib\site-packages\urllib3\exceptions.py first seen with mtime 1718362986.6862094
File C:\Users\USER\Documents\Git\inverter_project\venv\Lib\site-packages\django\db\migrations\operations\models.py first seen with mtime 1718021032.3877554
File C:\Users\USER\Documents\Git\inverter_project\venv\Lib\site-packages\django\core\files\__init__.py first seen with mtime 1718021030.873614
File C:\Users\USER\Documents\Git\inverter_project\venv\Lib\site-packages\click\core.py first seen with mtime 1718720817.259671
File C:\Users\USER\Documents\Git\inverter_project\venv\Lib\site-packages\simplejson\scanner.py first seen with mtime 1718362989.960914
File C:\Python39\Lib\gzip.py first seen with mtime 1630352124.0
File C:\Python39\Lib\re.py first seen with mtime 1630352126.0
File C:\Users\USER\Documents\Git\inverter_project\venv\Lib\site-packages\django\test\client.py first seen with mtime 1718021033.0227988
File C:\Users\USER\Documents\Git\inverter_project\venv\Lib\site-packages\sympy\matrices\expressions\permutation.py first seen with mtime 1718278173.1353211
File C:\Users\USER\Documents\Git\inverter_project\venv\Lib\site-packages\sympy\sets\powerset.py first seen with mtime 1718278177.3067825
File C:\Users\USER\Documents\Git\inverter_project\venv\Lib\site-packages\sympy\printing\printer.py first seen with mtime 1718278176.6069126
File C:\Users\USER\Documents\Git\inverter_project\venv\Lib\site-packages\requests\sessions.py first seen with mtime 1718362994.8629262
File C:\Users\USER\Documents\Git\inverter_project\venv\Lib\site-packages\django\apps\config.py first seen with mtime 1718020999.9099934
File C:\Users\USER\Documents\Git\inverter_project\venv\Lib\site-packages\sympy\series\__init__.py first seen with mtime 1718278177.0072615
File C:\Users\USER\Documents\Git\inverter_project\venv\Lib\site-packages\drf_yasg\views.py first seen with mtime 1718364128.1020725
File C:\Users\USER\Documents\Git\inverter_project\venv\Lib\site-packages\django\core\paginator.py first seen with mtime 1718021030.7879014
File C:\Users\USER\Documents\Git\inverter_project\venv\Lib\site-packages\click\parser.py first seen with mtime 1718720817.2856674
File C:\Users\USER\Documents\Git\inverter_project\venv\Lib\site-packages\sympy\calculus\finite_diff.py first seen with mtime 1718278163.6895895
File C:\Users\USER\Documents\Git\inverter_project\venv\Lib\site-packages\sympy\functions\elementary\piecewise.py first seen with mtime 1718278172.1557302
File C:\Python39\Lib\contextvars.py first seen with mtime 1630352124.0
File C:\Users\USER\Documents\Git\inverter_project\venv\Lib\site-packages\django\views\generic\dates.py first seen with mtime 1718021033.297104
File C:\Users\USER\Documents\Git\inverter_project\venv\Lib\site-packages\sympy\core\sorting.py first seen with mtime 1718278171.4507432
File C:\Users\USER\Documents\Git\inverter_project\venv\Lib\site-packages\pytz\tzinfo.py first seen with mtime 1718364120.5074356
File C:\Users\USER\Documents\Git\inverter_project\venv\Lib\site-packages\jazzmin\__init__.py first seen with mtime 1718021114.5268147
File C:\Users\USER\Documents\Git\inverter_project\venv\Lib\site-packages\django\utils\translation\trans_real.py first seen with mtime 1718021033.2279873
File C:\Python39\Lib\xml\dom\minicompat.py first seen with mtime 1630352126.0
File C:\Users\USER\Documents\Git\inverter_project\venv\Lib\site-packages\django\db\models\enums.py first seen with mtime 1718021032.4067473
File C:\Python39\Lib\unittest\case.py first seen with mtime 1630352126.0
File C:\Users\USER\Documents\Git\inverter_project\venv\Lib\site-packages\coreapi\document.py first seen with mtime 1718362998.0931742
File C:\Users\USER\Documents\Git\inverter_project\venv\Lib\site-packages\jinja2\exceptions.py first seen with mtime 1718362995.783649
File C:\Users\USER\Documents\Git\inverter_project\venv\Lib\site-packages\psycopg2\extensions.py first seen with mtime 1718705950.495998
File C:\Users\USER\Documents\Git\inverter_project\venv\Lib\site-packages\django\utils\asyncio.py first seen with mtime 1718021033.0910053
File C:\Python39\Lib\_collections_abc.py first seen with mtime 1630352124.0
File C:\Users\USER\Documents\Git\inverter_project\venv\Lib\site-packages\rest_framework\utils\mediatypes.py first seen with mtime 1717948590.9087055
File C:\Users\USER\Documents\Git\inverter_project\inverter_project\power_calculator\permissions.py first seen with mtime 1718717022.5731936
File C:\Users\USER\Documents\Git\inverter_project\venv\Lib\site-packages\click\globals.py first seen with mtime 1718720817.2836668
File C:\Users\USER\Documents\Git\inverter_project\venv\Lib\site-packages\pytz\exceptions.py first seen with mtime 1718364120.4988713
File C:\Users\USER\Documents\Git\inverter_project\venv\Lib\site-packages\django\db\models\indexes.py first seen with mtime 1718021032.449133
File C:\Users\USER\Documents\Git\inverter_project\venv\Lib\site-packages\sympy\strategies\__init__.py first seen with mtime 1718278181.1546767
File C:\Users\USER\Documents\Git\inverter_project\venv\Lib\site-packages\sympy\polys\matrices\dense.py first seen with mtime 1718278175.88903
File C:\Users\USER\Documents\Git\inverter_project\venv\Lib\site-packages\django\core\serializers\base.py first seen with mtime 1718021031.085943
File C:\Users\USER\Documents\Git\inverter_project\venv\Lib\site-packages\sympy\matrices\expressions\sets.py first seen with mtime 1718278173.1393096
File C:\Users\USER\Documents\Git\inverter_project\venv\Lib\site-packages\django\contrib\admin\templatetags\log.py first seen with mtime 1718021005.433745
File C:\Users\USER\Documents\Git\inverter_project\venv\Lib\site-packages\jinja2\nodes.py first seen with mtime 1718362995.8044279
File C:\Users\USER\Documents\Git\inverter_project\venv\Lib\site-packages\sympy\interactive\session.py first seen with mtime 1718278172.6253164
File C:\Users\USER\Documents\Git\inverter_project\venv\Lib\site-packages\django\urls\exceptions.py first seen with mtime 1718021033.0776174
File C:\Users\USER\Documents\Git\inverter_project\venv\Lib\site-packages\sympy\tensor\array\dense_ndim_array.py first seen with mtime 1718278181.406411
File C:\Users\USER\Documents\Git\inverter_project\venv\Lib\site-packages\rest_framework\templatetags\__init__.py first seen with mtime 1717948590.5618453
File C:\Users\USER\Documents\Git\inverter_project\venv\Lib\site-packages\sympy\multipledispatch\utils.py first seen with mtime 1718278173.452883
File C:\Users\USER\Documents\Git\inverter_project\venv\Lib\site-packages\sympy\polys\solvers.py first seen with mtime 1718278175.5090086
File C:\Users\USER\Documents\Git\inverter_project\venv\Lib\site-packages\django\utils\deconstruct.py first seen with mtime 1718021033.114446
File C:\Users\USER\Documents\Git\inverter_project\venv\Lib\site-packages\sympy\printing\lambdarepr.py first seen with mtime 1718278176.541246
File C:\Users\USER\Documents\Git\inverter_project\venv\Lib\site-packages\coreapi\codecs\base.py first seen with mtime 1718362998.1021755
File C:\Users\USER\Documents\Git\inverter_project\venv\Lib\site-packages\django\core\files\images.py first seen with mtime 1718021030.8778903
File C:\Users\USER\Documents\Git\inverter_project\venv\Lib\site-packages\sympy\multipledispatch\dispatcher.py first seen with mtime 1718278173.3725953
File C:\Users\USER\Documents\Git\inverter_project\venv\Lib\site-packages\django\contrib\auth\models.py first seen with mtime 1718021007.9169066
File C:\Users\USER\Documents\Git\inverter_project\venv\Lib\site-packages\django\template\backends\__init__.py first seen with mtime 1718021032.9666321
File C:\Users\USER\Documents\Git\inverter_project\venv\Lib\site-packages\yaml\composer.py first seen with mtime 1718362168.7784944
File C:\Users\USER\Documents\Git\inverter_project\venv\Lib\site-packages\django\contrib\auth\context_processors.py first seen with mtime 1718021007.906904
File C:\Users\USER\Documents\Git\inverter_project\venv\Lib\site-packages\jinja2\_identifier.py first seen with mtime 1718362995.728243
File C:\Python39\Lib\importlib\machinery.py first seen with mtime 1630352124.0
File C:\Users\USER\Documents\Git\inverter_project\venv\Lib\site-packages\sympy\polys\numberfields\modules.py first seen with mtime 1718278176.1092446
File C:\Users\USER\Documents\Git\inverter_project\venv\Lib\site-packages\urllib3\filepost.py first seen with mtime 1718362986.6862094
File C:\Users\USER\Documents\Git\inverter_project\venv\Lib\site-packages\django\utils\inspect.py first seen with mtime 1718021033.1433733
File C:\Users\USER\Documents\Git\inverter_project\venv\Lib\site-packages\sympy\simplify\simplify.py first seen with mtime 1718278180.5335174
File C:\Users\USER\Documents\Git\inverter_project\venv\Lib\site-packages\django\test\utils.py first seen with mtime 1718021033.0661817
File C:\Users\USER\Documents\Git\inverter_project\venv\Lib\site-packages\django\utils\deprecation.py first seen with mtime 1718021033.1196575
File C:\Users\USER\Documents\Git\inverter_project\venv\Lib\site-packages\django\template\__init__.py first seen with mtime 1718021032.9211123
File C:\Python39\Lib\email\utils.py first seen with mtime 1630352124.0
File C:\Python39\Lib\html\__init__.py first seen with mtime 1630352124.0
File C:\Python39\Lib\email\mime\text.py first seen with mtime 1630352124.0
File C:\Users\USER\Documents\Git\inverter_project\venv\Lib\site-packages\psycopg2\sql.py first seen with mtime 1718705950.602338
File C:\Users\USER\Documents\Git\inverter_project\venv\Lib\site-packages\sympy\solvers\ode\riccati.py first seen with mtime 1718278180.7649367
File C:\Python39\Lib\email\encoders.py first seen with mtime 1630352124.0
File C:\Users\USER\Documents\Git\inverter_project\venv\Lib\site-packages\urllib3\util\__init__.py first seen with mtime 1718362986.7162113
File C:\Users\USER\Documents\Git\inverter_project\venv\Lib\site-packages\rest_framework\reverse.py first seen with mtime 1717948581.3246195
File C:\Users\USER\Documents\Git\inverter_project\venv\Lib\site-packages\sympy\utilities\lambdify.py first seen with mtime 1718278182.0288455
File C:\Users\USER\Documents\Git\inverter_project\venv\Lib\site-packages\sympy\matrices\expressions\kronecker.py first seen with mtime 1718278173.1251528
File C:\Users\USER\Documents\Git\inverter_project\venv\Lib\site-packages\sympy\concrete\expr_with_limits.py first seen with mtime 1718278170.8370643
File C:\Users\USER\Documents\Git\inverter_project\venv\Lib\site-packages\django\db\models\sql\constants.py first seen with mtime 1718021032.52666
File C:\Users\USER\Documents\Git\inverter_project\venv\Lib\site-packages\yaml\representer.py first seen with mtime 1718362169.0944376
File C:\Users\USER\Documents\Git\inverter_project\venv\Lib\site-packages\sympy\core\power.py first seen with mtime 1718278171.4377384
File C:\Users\USER\Documents\Git\inverter_project\venv\Lib\site-packages\django\core\checks\security\sessions.py first seen with mtime 1718021030.871407
File C:\Users\USER\Documents\Git\inverter_project\venv\Lib\site-packages\urllib3\_collections.py first seen with mtime 1718362986.6762145
File C:\Python39\Lib\operator.py first seen with mtime 1630352126.0
File C:\Users\USER\Documents\Git\inverter_project\venv\Lib\site-packages\sqlparse\exceptions.py first seen with mtime 1717948325.7103293
File C:\Python39\Lib\__future__.py first seen with mtime 1630352124.0
File C:\Users\USER\Documents\Git\inverter_project\venv\Lib\site-packages\sympy\strategies\tree.py first seen with mtime 1718278181.2876496
File C:\Users\USER\Documents\Git\inverter_project\venv\Lib\site-packages\sympy\sets\conditionset.py first seen with mtime 1718278177.2947893
File C:\Users\USER\Documents\Git\inverter_project\venv\Lib\site-packages\sympy\series\series.py first seen with mtime 1718278177.1612337
File C:\Users\USER\Documents\Git\inverter_project\venv\Lib\site-packages\pygments\formatters\__init__.py first seen with mtime 1729175977.7203498
File C:\Users\USER\Documents\Git\inverter_project\venv\Lib\site-packages\colorama\initialise.py first seen with mtime 1718720808.4634013
File C:\Users\USER\Documents\Git\inverter_project\venv\Lib\site-packages\sympy\polys\matrices\eigen.py first seen with mtime 1718278175.9250326
File C:\Users\USER\Documents\Git\inverter_project\venv\Lib\site-packages\sympy\plotting\plot.py first seen with mtime 1718278175.0682342
File C:\Users\USER\Documents\Git\inverter_project\venv\Lib\site-packages\sympy\simplify\cse_opts.py first seen with mtime 1718278180.4992077
File C:\Users\USER\Documents\Git\inverter_project\venv\Lib\site-packages\sympy\assumptions\refine.py first seen with mtime 1718278163.2271922
File C:\Users\USER\Documents\Git\inverter_project\venv\Lib\site-packages\django\contrib\admin\views\autocomplete.py first seen with mtime 1718021005.433745
File C:\Users\USER\Documents\Git\inverter_project\venv\Lib\site-packages\sympy\matrices\expressions\transpose.py first seen with mtime 1718278173.1494908
File C:\Users\USER\Documents\Git\inverter_project\venv\Lib\site-packages\django\db\backends\base\creation.py first seen with mtime 1718021032.1620955
File C:\Users\USER\Documents\Git\inverter_project\venv\Lib\site-packages\sympy\polys\domains\gaussiandomains.py first seen with mtime 1718278175.7155771
File C:\Users\USER\Documents\Git\inverter_project\venv\Lib\site-packages\sympy\polys\numberfields\utilities.py first seen with mtime 1718278176.1173599
File C:\Users\USER\Documents\Git\inverter_project\venv\Lib\site-packages\asgiref\current_thread_executor.py first seen with mtime 1717948331.44339
File C:\Users\USER\Documents\Git\inverter_project\venv\Lib\site-packages\django\contrib\admin\options.py first seen with mtime 1718021002.2635467
File C:\Users\USER\Documents\Git\inverter_project\venv\Lib\site-packages\sympy\core\add.py first seen with mtime 1718278171.1106186
File C:\Users\USER\Documents\Git\inverter_project\venv\Lib\site-packages\sympy\simplify\epathtools.py first seen with mtime 1718278180.5032024
File C:\Users\USER\Documents\Git\inverter_project\venv\Lib\site-packages\django\db\models\expressions.py first seen with mtime 1718021032.4097457
File C:\Users\USER\Documents\Git\inverter_project\venv\Lib\site-packages\django\contrib\staticfiles\management\__init__.py first seen with mtime 1718021030.7505019
File C:\Users\USER\Documents\Git\inverter_project\venv\Lib\site-packages\sympy\series\limits.py first seen with mtime 1718278177.1052337
File C:\Users\USER\Documents\Git\inverter_project\venv\Lib\site-packages\django\db\models\functions\window.py first seen with mtime 1718021032.5186596
File C:\Python39\Lib\fractions.py first seen with mtime 1630352124.0
File C:\Users\USER\Documents\Git\inverter_project\venv\Lib\site-packages\rest_framework\utils\representation.py first seen with mtime 1717948590.918709
File C:\Users\USER\Documents\Git\inverter_project\venv\Lib\site-packages\rest_framework\schemas\coreapi.py first seen with mtime 1717948583.9282992
File C:\Users\USER\Documents\Git\inverter_project\venv\Lib\site-packages\sympy\strategies\tools.py first seen with mtime 1718278181.162654
File C:\Users\USER\Documents\Git\inverter_project\venv\Lib\site-packages\rest_framework\fields.py first seen with mtime 1717948581.2053313
File C:\Users\USER\Documents\Git\inverter_project\venv\Lib\site-packages\pygments\lexers\special.py first seen with mtime 1729175978.8267949
File C:\Users\USER\Documents\Git\inverter_project\venv\Lib\site-packages\requests\auth.py first seen with mtime 1718362994.8008537
File C:\Python39\Lib\xml\dom\minidom.py first seen with mtime 1630352126.0
File C:\Users\USER\Documents\Git\inverter_project\venv\Lib\site-packages\sympy\core\assumptions_generated.py first seen with mtime 1718278171.1769826
File C:\Users\USER\Documents\Git\inverter_project\venv\Lib\site-packages\sympy\utilities\misc.py first seen with mtime 1718278182.0448494
File C:\Users\USER\Documents\Git\inverter_project\venv\Lib\site-packages\django\conf\global_settings.py first seen with mtime 1718020999.9199984
File C:\Python39\Lib\secrets.py first seen with mtime 1630352126.0
File C:\Users\USER\Documents\Git\inverter_project\venv\Lib\site-packages\django\template\smartif.py first seen with mtime 1718021032.9626296
File C:\Users\USER\Documents\Git\inverter_project\venv\Lib\site-packages\sympy\utilities\source.py first seen with mtime 1718278182.0888472
File C:\Users\USER\Documents\Git\inverter_project\venv\Lib\site-packages\urllib3\_version.py first seen with mtime 1718362986.6762145
File C:\Users\USER\Documents\Git\inverter_project\venv\Lib\site-packages\sqlparse\keywords.py first seen with mtime 1717948325.7503257
File C:\Users\USER\Documents\Git\inverter_project\venv\Lib\site-packages\coreapi\codecs\__init__.py first seen with mtime 1718362998.1001737
File C:\Users\USER\Documents\Git\inverter_project\venv\Lib\site-packages\rest_framework\utils\model_meta.py first seen with mtime 1717948590.918709
File C:\Users\USER\Documents\Git\inverter_project\venv\Lib\site-packages\sympy\functions\special\gamma_functions.py first seen with mtime 1718278172.2166157
File C:\Users\USER\Documents\Git\inverter_project\venv\Lib\site-packages\sympy\functions\special\error_functions.py first seen with mtime 1718278172.2133982
File C:\Users\USER\Documents\Git\inverter_project\venv\Lib\site-packages\django\core\management\commands\__init__.py first seen with mtime 1718021030.9565833
File C:\Users\USER\Documents\Git\inverter_project\venv\Lib\site-packages\mpmath\functions\rszeta.py first seen with mtime 1718278155.187175
File C:\Users\USER\Documents\Git\inverter_project\venv\Lib\site-packages\sympy\geometry\ellipse.py first seen with mtime 1718278172.2897587
File C:\Python39\Lib\email\header.py first seen with mtime 1630352124.0
File C:\Python39\Lib\email\message.py first seen with mtime 1630352124.0
File C:\Users\USER\Documents\Git\inverter_project\venv\Lib\site-packages\django\utils\hashable.py first seen with mtime 1718021033.1368387
File C:\Users\USER\Documents\Git\inverter_project\venv\Lib\site-packages\sympy\functions\elementary\trigonometric.py first seen with mtime 1718278172.1587334
File C:\Users\USER\Documents\Git\inverter_project\venv\Lib\site-packages\sympy\polys\__init__.py first seen with mtime 1718278175.344706
File C:\Users\USER\Documents\Git\inverter_project\venv\Lib\site-packages\django\contrib\postgres\fields\array.py first seen with mtime 1718021020.9689736
File C:\Users\USER\Documents\Git\inverter_project\venv\Lib\site-packages\sympy\printing\repr.py first seen with mtime 1718278176.6189156
File C:\Users\USER\Documents\Git\inverter_project\venv\Lib\site-packages\sympy\polys\domains\expressiondomain.py first seen with mtime 1718278175.7035766
File C:\Python39\Lib\asyncio\proactor_events.py first seen with mtime 1630352124.0
File C:\Users\USER\Documents\Git\inverter_project\venv\Lib\site-packages\pygments\regexopt.py first seen with mtime 1729175977.6351004
File C:\Users\USER\Documents\Git\inverter_project\venv\Lib\site-packages\rest_framework\schemas\__init__.py first seen with mtime 1717948583.9282992
File C:\Users\USER\Documents\Git\inverter_project\venv\Lib\site-packages\sympy\core\operations.py first seen with mtime 1718278171.4320314
File C:\Users\USER\Documents\Git\inverter_project\venv\Lib\site-packages\sympy\solvers\ode\nonhomogeneous.py first seen with mtime 1718278180.7289388
File C:\Users\USER\Documents\Git\inverter_project\venv\Lib\site-packages\rest_framework\utils\serializer_helpers.py first seen with mtime 1717948590.9687386
File C:\Python39\Lib\signal.py first seen with mtime 1630352126.0
File C:\Users\USER\Documents\Git\inverter_project\venv\Lib\site-packages\mpmath\calculus\polynomials.py first seen with mtime 1718278155.1631782
File C:\Users\USER\Documents\Git\inverter_project\inverter_project\inverter_project\__init__.py first seen with mtime 1717948550.6269891
File C:\Users\USER\Documents\Git\inverter_project\venv\Lib\site-packages\sympy\geometry\line.py first seen with mtime 1718278172.2976904
File C:\Users\USER\Documents\Git\inverter_project\venv\Lib\site-packages\drf_yasg\inspectors\query.py first seen with mtime 1718364128.1247618
File C:\Python39\Lib\logging\__init__.py first seen with mtime 1630352124.0
File C:\Users\USER\Documents\Git\inverter_project\venv\Lib\site-packages\packaging\__init__.py first seen with mtime 1718364123.7359982
File C:\Users\USER\Documents\Git\inverter_project\venv\Lib\site-packages\jinja2\idtracking.py first seen with mtime 1718362995.791649
File C:\Python39\Lib\posixpath.py first seen with mtime 1630352126.0
File C:\Users\USER\Documents\Git\inverter_project\venv\Lib\site-packages\sympy\functions\combinatorial\numbers.py first seen with mtime 1718278172.122029
File C:\Users\USER\Documents\Git\inverter_project\venv\Lib\site-packages\sympy\series\approximants.py first seen with mtime 1718278177.065231
File C:\Python39\Lib\zipfile.py first seen with mtime 1630352126.0
File C:\Users\USER\Documents\Git\inverter_project\venv\Lib\site-packages\sympy\printing\mathematica.py first seen with mtime 1718278176.5537884
File C:\Users\USER\Documents\Git\inverter_project\venv\Lib\site-packages\sympy\functions\special\singularity_functions.py first seen with mtime 1718278172.2260983
File C:\Users\USER\Documents\Git\inverter_project\venv\Lib\site-packages\sympy\plotting\experimental_lambdify.py first seen with mtime 1718278175.0642333
File C:\Users\USER\Documents\Git\inverter_project\venv\Lib\site-packages\sympy\polys\polyquinticconst.py first seen with mtime 1718278175.4850104
File C:\Users\USER\Documents\Git\inverter_project\venv\Lib\site-packages\django\utils\ipv6.py first seen with mtime 1718021033.1463726
File C:\Python39\Lib\http\__init__.py first seen with mtime 1630352124.0
File C:\Python39\Lib\xml\parsers\expat.py first seen with mtime 1630352126.0
File C:\Users\USER\Documents\Git\inverter_project\venv\Lib\site-packages\jinja2\visitor.py first seen with mtime 1718362995.8224287
File C:\Users\USER\Documents\Git\inverter_project\venv\Lib\site-packages\sympy\__init__.py first seen with mtime 1718278163.1657887
File C:\Python39\Lib\mimetypes.py first seen with mtime 1630352126.0
File C:\Users\USER\Documents\Git\inverter_project\venv\Lib\site-packages\sympy\sets\handlers\intersection.py first seen with mtime 1718278179.6290097
File C:\Users\USER\Documents\Git\inverter_project\venv\Lib\site-packages\django\views\decorators\vary.py first seen with mtime 1718021033.2691305
File C:\Users\USER\Documents\Git\inverter_project\inverter_project\api\views.py first seen with mtime 1720190764.0621533
File C:\Users\USER\Documents\Git\inverter_project\venv\Lib\site-packages\mpmath\calculus\__init__.py first seen with mtime 1718278155.1454015
File C:\Users\USER\Documents\Git\inverter_project\venv\Lib\site-packages\requests\exceptions.py first seen with mtime 1718362994.8088572
File C:\Users\USER\Documents\Git\inverter_project\venv\Lib\site-packages\sympy\utilities\enumerative.py first seen with mtime 1718278181.8664923
File C:\Python39\Lib\unittest\suite.py first seen with mtime 1630352126.0
File C:\Users\USER\Documents\Git\inverter_project\venv\Lib\site-packages\sympy\assumptions\relation\__init__.py first seen with mtime 1718278163.330359
File C:\Users\USER\Documents\Git\inverter_project\venv\Lib\site-packages\django\contrib\admindocs\__init__.py first seen with mtime 1718021005.4637446
File C:\Users\USER\Documents\Git\inverter_project\venv\Lib\site-packages\sympy\utilities\timeutils.py first seen with mtime 1718278182.0888472
File C:\Python39\Lib\contextlib.py first seen with mtime 1630352124.0
File C:\Users\USER\Documents\Git\inverter_project\venv\Lib\site-packages\sympy\polys\rootisolation.py first seen with mtime 1718278175.505008
File C:\Users\USER\Documents\Git\inverter_project\venv\Lib\site-packages\django\contrib\messages\apps.py first seen with mtime 1718021020.878919
File C:\Users\USER\Documents\Git\inverter_project\venv\Lib\site-packages\corsheaders\checks.py first seen with mtime 1719161005.5453198
File C:\Users\USER\Documents\Git\inverter_project\venv\Lib\site-packages\django\contrib\auth\admin.py first seen with mtime 1718021007.8869083
File C:\Users\USER\Documents\Git\inverter_project\venv\Lib\site-packages\charset_normalizer\constant.py first seen with mtime 1718362993.1821058
File C:\Users\USER\Documents\Git\inverter_project\venv\Lib\site-packages\sympy\simplify\trigsimp.py first seen with mtime 1718278180.5425177
File C:\Python39\Lib\unittest\signals.py first seen with mtime 1630352126.0
File C:\Python39\Lib\logging\handlers.py first seen with mtime 1630352124.0
File C:\Users\USER\Documents\Git\inverter_project\venv\Lib\site-packages\requests\certs.py first seen with mtime 1718362994.802857
File C:\Users\USER\Documents\Git\inverter_project\venv\Lib\site-packages\django\db\backends\base\features.py first seen with mtime 1718021032.1670935
File C:\Python39\Lib\glob.py first seen with mtime 1630352124.0
File C:\Users\USER\Documents\Git\inverter_project\venv\Lib\site-packages\sympy\polys\domains\gmpyfinitefield.py first seen with mtime 1718278175.7195714
File C:\Python39\Lib\enum.py first seen with mtime 1630352124.0
File C:\Users\USER\Documents\Git\inverter_project\venv\Lib\site-packages\sympy\printing\gtk.py first seen with mtime 1718278176.5372477
File C:\Users\USER\Documents\Git\inverter_project\venv\Lib\site-packages\sympy\strategies\util.py first seen with mtime 1718278181.2902153
File C:\Python39\DLLs\_decimal.pyd first seen with mtime 1630352204.0
File C:\Users\USER\Documents\Git\inverter_project\venv\Lib\site-packages\sympy\matrices\inverse.py first seen with mtime 1718278172.938187
File C:\Users\USER\Documents\Git\inverter_project\venv\Lib\site-packages\uritemplate\variable.py first seen with mtime 1718362517.3205528
File C:\Users\USER\Documents\Git\inverter_project\venv\Lib\site-packages\django\contrib\admin\models.py first seen with mtime 1718021002.2635467
File C:\Users\USER\Documents\Git\inverter_project\venv\Lib\site-packages\sympy\polys\polyerrors.py first seen with mtime 1718278175.473007
File C:\Users\USER\Documents\Git\inverter_project\venv\Lib\site-packages\django\urls\conf.py first seen with mtime 1718021033.0736184
File C:\Users\USER\Documents\Git\inverter_project\venv\Lib\site-packages\sympy\polys\agca\modules.py first seen with mtime 1718278175.5313418
File C:\Users\USER\Documents\Git\inverter_project\venv\Lib\site-packages\sympy\tensor\array\mutable_ndim_array.py first seen with mtime 1718278181.4104216
File C:\Python39\Lib\random.py first seen with mtime 1630352126.0
File C:\Users\USER\Documents\Git\inverter_project\venv\Lib\site-packages\sympy\parsing\sympy_parser.py first seen with mtime 1718278173.788013
File C:\Python39\Lib\numbers.py first seen with mtime 1630352126.0
File C:\Users\USER\Documents\Git\inverter_project\venv\Lib\site-packages\rest_framework\generics.py first seen with mtime 1717948581.2345724
File C:\Users\USER\Documents\Git\inverter_project\venv\Lib\site-packages\rest_framework\validators.py first seen with mtime 1717948581.4046104
File C:\Users\USER\Documents\Git\inverter_project\venv\Lib\site-packages\sympy\utilities\mathml\__init__.py first seen with mtime 1718278182.1154594
File C:\Users\USER\Documents\Git\inverter_project\venv\Lib\site-packages\sympy\ntheory\primetest.py first seen with mtime 1718278173.529079
File C:\Users\USER\Documents\Git\inverter_project\venv\Lib\site-packages\rest_framework\urlpatterns.py first seen with mtime 1717948581.394609
File C:\Users\USER\Documents\Git\inverter_project\venv\Lib\site-packages\django\contrib\auth\hashers.py first seen with mtime 1718021007.9169066
File C:\Users\USER\Documents\Git\inverter_project\inverter_project\power_calculator\models.py first seen with mtime 1729176294.1769457
File C:\Users\USER\Documents\Git\inverter_project\venv\Lib\site-packages\mpmath\ctx_iv.py first seen with mtime 1718278155.1247442
File C:\Users\USER\Documents\Git\inverter_project\venv\Lib\site-packages\yaml\dumper.py first seen with mtime 1718362168.7977557
File C:\Users\USER\Documents\Git\inverter_project\venv\Lib\site-packages\django\db\backends\postgresql\psycopg_any.py first seen with mtime 1718021032.3023536
File C:\Users\USER\Documents\Git\inverter_project\venv\Lib\site-packages\django\core\cache\backends\base.py first seen with mtime 1718021030.8065972
File C:\Users\USER\Documents\Git\inverter_project\venv\Lib\site-packages\django\core\signals.py first seen with mtime 1718021030.7909038
File C:\Users\USER\Documents\Git\inverter_project\venv\Lib\site-packages\sympy\simplify\gammasimp.py first seen with mtime 1718278180.5112092
File C:\Users\USER\Documents\Git\inverter_project\venv\Lib\site-packages\sqlparse\filters\aligned_indent.py first seen with mtime 1717948325.827798
File C:\Users\USER\Documents\Git\inverter_project\venv\Lib\site-packages\jinja2\environment.py first seen with mtime 1718362995.7816515
File C:\Users\USER\Documents\Git\inverter_project\venv\Lib\site-packages\sympy\assumptions\ask.py first seen with mtime 1718278163.215603
File C:\Users\USER\Documents\Git\inverter_project\venv\Lib\site-packages\sympy\sets\fancysets.py first seen with mtime 1718278177.3027816
File C:\Users\USER\Documents\Git\inverter_project\venv\Lib\site-packages\django\contrib\postgres\forms\array.py first seen with mtime 1718021021.007082
File C:\Users\USER\Documents\Git\inverter_project\venv\Lib\site-packages\sympy\matrices\expressions\trace.py first seen with mtime 1718278173.145502
File C:\Users\USER\Documents\Git\inverter_project\venv\Lib\site-packages\sympy\concrete\summations.py first seen with mtime 1718278170.9733534
File C:\Users\USER\Documents\Git\inverter_project\venv\Lib\site-packages\mpmath\visualization.py first seen with mtime 1718278155.1433985
File C:\Users\USER\Documents\Git\inverter_project\venv\Lib\site-packages\sympy\series\sequences.py first seen with mtime 1718278177.1612337
File C:\Users\USER\Documents\Git\inverter_project\venv\Lib\site-packages\urllib3\util\util.py first seen with mtime 1718362986.8035343
File C:\Python39\Lib\asyncio\subprocess.py first seen with mtime 1630352124.0
File C:\Users\USER\Documents\Git\inverter_project\venv\Lib\site-packages\sympy\geometry\plane.py first seen with mtime 1718278172.3016937
File C:\Users\USER\Documents\Git\inverter_project\venv\Lib\site-packages\django\core\checks\caches.py first seen with mtime 1718021030.833257
File C:\Users\USER\Documents\Git\inverter_project\venv\Lib\site-packages\django\views\decorators\csrf.py first seen with mtime 1718021033.260838
File C:\Python39\Lib\wsgiref\__init__.py first seen with mtime 1630352126.0
File C:\Users\USER\Documents\Git\inverter_project\venv\Lib\site-packages\django\test\testcases.py first seen with mtime 1718021033.0641792
File C:\Users\USER\Documents\Git\inverter_project\venv\Lib\site-packages\rest_framework\serializers.py first seen with mtime 1717948581.3346071
File C:\Users\USER\Documents\Git\inverter_project\venv\Lib\site-packages\sympy\polys\domains\groundtypes.py first seen with mtime 1718278175.723576
File C:\Python39\Lib\sysconfig.py first seen with mtime 1630352126.0
File C:\Users\USER\Documents\Git\inverter_project\venv\Lib\site-packages\django\utils\_os.py first seen with mtime 1718021033.0870078
File C:\Users\USER\Documents\Git\inverter_project\venv\Lib\site-packages\sympy\polys\sqfreetools.py first seen with mtime 1718278175.5171347
File C:\Users\USER\Documents\Git\inverter_project\venv\Lib\site-packages\sympy\core\core.py first seen with mtime 1718278171.290568
File C:\Users\USER\Documents\Git\inverter_project\venv\Lib\site-packages\sympy\plotting\plot_implicit.py first seen with mtime 1718278175.0722337
File C:\Users\USER\Documents\Git\inverter_project\venv\Lib\site-packages\rest_framework\utils\urls.py first seen with mtime 1717948590.9687386
File C:\Users\USER\Documents\Git\inverter_project\venv\Lib\site-packages\django\utils\translation\reloader.py first seen with mtime 1718021033.220934
File C:\Users\USER\Documents\Git\inverter_project\venv\Lib\site-packages\sympy\polys\numberfields\galois_resolvents.py first seen with mtime 1718278176.101246
File C:\Python39\Lib\copy.py first seen with mtime 1630352124.0
File C:\Python39\Lib\xml\dom\NodeFilter.py first seen with mtime 1630352126.0
File C:\Users\USER\Documents\Git\inverter_project\venv\Lib\site-packages\rest_framework\utils\humanize_datetime.py first seen with mtime 1717948590.8387108
File C:\Users\USER\Documents\Git\inverter_project\venv\Lib\site-packages\django\template\utils.py first seen with mtime 1718021032.9646287
File C:\Users\USER\Documents\Git\inverter_project\venv\Lib\site-packages\sympy\series\series_class.py first seen with mtime 1718278177.1652331
File C:\Users\USER\Documents\Git\inverter_project\venv\Lib\site-packages\django\contrib\sessions\models.py first seen with mtime 1718021022.3450155
File C:\Python39\Lib\encodings\utf_8.py first seen with mtime 1630352124.0
File C:\Users\USER\Documents\Git\inverter_project\venv\Lib\site-packages\django\db\models\fields\json.py first seen with mtime 1718021032.4811933
File C:\Users\USER\Documents\Git\inverter_project\venv\Lib\site-packages\django\db\backends\postgresql\operations.py first seen with mtime 1718021032.2994778
File C:\Users\USER\Documents\Git\inverter_project\venv\Lib\site-packages\sympy\multipledispatch\core.py first seen with mtime 1718278173.3725953
File C:\Users\USER\Documents\Git\inverter_project\venv\Lib\site-packages\django\template\context.py first seen with mtime 1718021032.9288037
File C:\Users\USER\Documents\Git\inverter_project\venv\Lib\site-packages\django\contrib\staticfiles\management\commands\runserver.py first seen with mtime 1718021030.7595031
File C:\Users\USER\Documents\Git\inverter_project\venv\Lib\site-packages\sympy\printing\octave.py first seen with mtime 1718278176.5982928
File C:\Users\USER\Documents\Git\inverter_project\venv\Lib\site-packages\django\views\generic\__init__.py first seen with mtime 1718021033.2721288
File C:\Users\USER\Documents\Git\inverter_project\venv\Lib\site-packages\sympy\printing\__init__.py first seen with mtime 1718278176.4675374
File C:\Users\USER\Documents\Git\inverter_project\venv\Lib\site-packages\django\contrib\sites\__init__.py first seen with mtime 1718021026.8164635
File C:\Users\USER\Documents\Git\inverter_project\venv\Lib\site-packages\pkg_resources\_vendor\__init__.py first seen with mtime 1717947458.4741075
File C:\Users\USER\Documents\Git\inverter_project\venv\Lib\site-packages\django\contrib\messages\storage\__init__.py first seen with mtime 1718021020.9101188
File C:\Users\USER\Documents\Git\inverter_project\venv\Lib\site-packages\django\contrib\staticfiles\views.py first seen with mtime 1718021030.7485044
File C:\Python39\Lib\asyncio\__init__.py first seen with mtime 1630352124.0
File C:\Python39\Lib\_weakrefset.py first seen with mtime 1630352124.0
File C:\Users\USER\Documents\Git\inverter_project\venv\Lib\site-packages\django\db\migrations\__init__.py first seen with mtime 1718021032.3338852
File C:\Python39\Lib\wsgiref\handlers.py first seen with mtime 1630352126.0
File C:\Users\USER\Documents\Git\inverter_project\venv\Lib\site-packages\django\contrib\admin\utils.py first seen with mtime 1718021002.2735436
File C:\Users\USER\Documents\Git\inverter_project\venv\Lib\site-packages\sympy\integrals\rationaltools.py first seen with mtime 1718278172.472399
File C:\Users\USER\Documents\Git\inverter_project\venv\Lib\site-packages\django\core\files\storage\handler.py first seen with mtime 1718021030.9016073
File C:\Users\USER\Documents\Git\inverter_project\venv\Lib\site-packages\django\views\generic\edit.py first seen with mtime 1718021033.300712
File C:\Users\USER\Documents\Git\inverter_project\venv\Lib\site-packages\sympy\simplify\combsimp.py first seen with mtime 1718278180.495203
File C:\Users\USER\Documents\Git\inverter_project\venv\Lib\site-packages\sympy\polys\numberfields\galoisgroups.py first seen with mtime 1718278176.101246
File C:\Users\USER\Documents\Git\inverter_project\venv\Lib\site-packages\django\utils\translation\__init__.py first seen with mtime 1718021033.2189105
File C:\Users\USER\Documents\Git\inverter_project\venv\Lib\site-packages\sympy\polys\matrices\exceptions.py first seen with mtime 1718278175.9290278
File C:\Python39\Lib\argparse.py first seen with mtime 1630352124.0
File C:\Python39\DLLs\_overlapped.pyd first seen with mtime 1630352202.0
File C:\Python39\Lib\http\client.py first seen with mtime 1630352124.0
File C:\Users\USER\Documents\Git\inverter_project\venv\Lib\site-packages\rest_framework\checks.py first seen with mtime 1717948581.1039138
File C:\Users\USER\Documents\Git\inverter_project\venv\Lib\site-packages\rest_framework\utils\json.py first seen with mtime 1717948590.8387108
File C:\Users\USER\Documents\Git\inverter_project\venv\Lib\site-packages\mpmath\calculus\optimization.py first seen with mtime 1718278155.1591766
File C:\Users\USER\Documents\Git\inverter_project\venv\Lib\site-packages\django\core\signing.py first seen with mtime 1718021030.792901
File C:\Users\USER\Documents\Git\inverter_project\venv\Lib\site-packages\sympy\polys\domains\expressionrawdomain.py first seen with mtime 1718278175.7075737
File C:\Users\USER\Documents\Git\inverter_project\venv\Lib\site-packages\django\views\debug.py first seen with mtime 1718021033.2435615
File C:\Users\USER\Documents\Git\inverter_project\venv\Lib\site-packages\django\views\defaults.py first seen with mtime 1718021033.2455788
File C:\Users\USER\Documents\Git\inverter_project\venv\Lib\site-packages\jinja2\tests.py first seen with mtime 1718362995.8174279
File C:\Python39\Lib\xml\dom\xmlbuilder.py first seen with mtime 1630352126.0
File C:\Users\USER\Documents\Git\inverter_project\venv\Lib\site-packages\django\utils\duration.py first seen with mtime 1718021033.1211958
File C:\Python39\Lib\asyncio\base_tasks.py first seen with mtime 1630352124.0
File C:\Python39\Lib\email\mime\multipart.py first seen with mtime 1630352124.0
File C:\Users\USER\Documents\Git\inverter_project\venv\Lib\site-packages\django\contrib\contenttypes\__init__.py first seen with mtime 1718021008.9792824
File C:\Python39\Lib\xml\dom\__init__.py first seen with mtime 1630352126.0
File C:\Users\USER\Documents\Git\inverter_project\inverter_project\api\apps.py first seen with mtime 1718026081.1301775
File C:\Users\USER\Documents\Git\inverter_project\venv\Lib\site-packages\drf_yasg\openapi.py first seen with mtime 1718364128.0960753
File C:\Users\USER\Documents\Git\inverter_project\venv\Lib\site-packages\django\db\migrations\operations\base.py first seen with mtime 1718021032.3827584
File C:\Users\USER\Documents\Git\inverter_project\venv\Lib\site-packages\django\contrib\admin\widgets.py first seen with mtime 1718021002.2735436
File C:\Users\USER\Documents\Git\inverter_project\venv\Lib\site-packages\django\core\mail\message.py first seen with mtime 1718021030.9216044
File C:\Users\USER\Documents\Git\inverter_project\venv\Lib\site-packages\mpmath\matrices\calculus.py first seen with mtime 1718278155.218216
File C:\Users\USER\Documents\Git\inverter_project\venv\Lib\site-packages\sqlparse\formatter.py first seen with mtime 1717948325.7503257
File C:\Users\USER\Documents\Git\inverter_project\venv\Lib\site-packages\django\contrib\admin\templatetags\admin_modify.py first seen with mtime 1718021005.4237432
File C:\Users\USER\Documents\Git\inverter_project\venv\Lib\site-packages\rest_framework\utils\timezone.py first seen with mtime 1717948590.9687386
File C:\Python39\Lib\sre_compile.py first seen with mtime 1630352126.0
File C:\Python39\Lib\email\mime\nonmultipart.py first seen with mtime 1630352124.0
File C:\Users\USER\Documents\Git\inverter_project\venv\Lib\site-packages\urllib3\util\ssl_.py first seen with mtime 1718362986.7756412
File C:\Users\USER\Documents\Git\inverter_project\venv\Lib\site-packages\sympy\printing\tree.py first seen with mtime 1718278176.637475
File C:\Users\USER\Documents\Git\inverter_project\venv\Lib\site-packages\django\utils\__init__.py first seen with mtime 1718021033.0850081
File C:\Users\USER\Documents\Git\inverter_project\venv\Lib\site-packages\django\templatetags\l10n.py first seen with mtime 1718021033.012801
File C:\Python39\Lib\email\charset.py first seen with mtime 1630352124.0
File C:\Users\USER\Documents\Git\inverter_project\venv\Lib\site-packages\sympy\simplify\powsimp.py first seen with mtime 1718278180.5252662
File C:\Users\USER\Documents\Git\inverter_project\venv\Lib\site-packages\sympy\polys\domains\pythonrational.py first seen with mtime 1718278175.7491713
File C:\Users\USER\Documents\Git\inverter_project\venv\Lib\site-packages\django\core\files\temp.py first seen with mtime 1718021030.883888
File C:\Users\USER\Documents\Git\inverter_project\venv\Lib\site-packages\click\formatting.py first seen with mtime 1718720817.2816749
File C:\Users\USER\Documents\Git\inverter_project\venv\Lib\site-packages\click\exceptions.py first seen with mtime 1718720817.264669
File C:\Users\USER\Documents\Git\inverter_project\venv\Lib\site-packages\sympy\core\kind.py first seen with mtime 1718278171.3980393
File C:\Users\USER\Documents\Git\inverter_project\venv\Lib\site-packages\sympy\integrals\deltafunctions.py first seen with mtime 1718278172.408031
File C:\Users\USER\Documents\Git\inverter_project\venv\Lib\site-packages\django\forms\boundfield.py first seen with mtime 1718021032.561987
File C:\Users\USER\Documents\Git\inverter_project\venv\Lib\site-packages\sympy\interactive\__init__.py first seen with mtime 1718278172.600675
File C:\Users\USER\Documents\Git\inverter_project\venv\Lib\site-packages\coreapi\utils.py first seen with mtime 1718362998.0971751
File C:\Users\USER\Documents\Git\inverter_project\venv\Lib\site-packages\sympy\polys\domains\gmpyintegerring.py first seen with mtime 1718278175.7195714
File C:\Users\USER\Documents\Git\inverter_project\venv\Lib\site-packages\sympy\calculus\util.py first seen with mtime 1718278164.9615085
File C:\Users\USER\Documents\Git\inverter_project\venv\Lib\site-packages\sympy\concrete\expr_with_intlimits.py first seen with mtime 1718278170.8131945
File C:\Users\USER\Documents\Git\inverter_project\venv\Lib\site-packages\mpmath\functions\zeta.py first seen with mtime 1718278155.1911788
File C:\Users\USER\Documents\Git\inverter_project\venv\Lib\site-packages\jinja2\__init__.py first seen with mtime 1718362995.7262402
File C:\Users\USER\Documents\Git\inverter_project\inverter_project\power_calculator\admin.py first seen with mtime 1718277624.1168358
File C:\Users\USER\Documents\Git\inverter_project\venv\Lib\site-packages\pytz\__init__.py first seen with mtime 1718364120.4973445
File C:\Users\USER\Documents\Git\inverter_project\venv\Lib\site-packages\rest_framework\permissions.py first seen with mtime 1717948581.2846093
File C:\Users\USER\Documents\Git\inverter_project\venv\Lib\site-packages\django\core\files\storage\base.py first seen with mtime 1718021030.8968894
File C:\Users\USER\Documents\Git\inverter_project\venv\Lib\site-packages\django\shortcuts.py first seen with mtime 1718020999.9024427
File C:\Users\USER\Documents\Git\inverter_project\venv\Lib\site-packages\sympy\polys\agca\extensions.py first seen with mtime 1718278175.523183
File C:\Python39\DLLs\_zoneinfo.pyd first seen with mtime 1630352202.0
File C:\Python39\Lib\asyncio\base_subprocess.py first seen with mtime 1630352124.0
File C:\Users\USER\Documents\Git\inverter_project\venv\Lib\site-packages\django\core\serializers\python.py first seen with mtime 1718021031.092947
File C:\Users\USER\Documents\Git\inverter_project\venv\Lib\site-packages\sympy\strategies\branch\__init__.py first seen with mtime 1718278181.2902153
File C:\Users\USER\Documents\Git\inverter_project\venv\Lib\site-packages\colorama\win32.py first seen with mtime 1718720808.5564015
File C:\Users\USER\Documents\Git\inverter_project\venv\Lib\site-packages\drf_yasg\codecs.py first seen with mtime 1718364128.0870755
File C:\Users\USER\Documents\Git\inverter_project\venv\Lib\site-packages\sympy\polys\fields.py first seen with mtime 1718278175.4450083
File C:\Users\USER\Documents\Git\inverter_project\venv\Lib\site-packages\django\core\checks\security\csrf.py first seen with mtime 1718021030.8694043
File C:\Python39\Lib\typing.py first seen with mtime 1630352126.0
File C:\Users\USER\Documents\Git\inverter_project\venv\Lib\site-packages\mpmath\ctx_mp_python.py first seen with mtime 1718278155.129402
File C:\Python39\Lib\xml\dom\domreg.py first seen with mtime 1630352126.0
File C:\Users\USER\Documents\Git\inverter_project\venv\Lib\site-packages\sympy\solvers\deutils.py first seen with mtime 1718278180.6686275
File C:\Users\USER\Documents\Git\inverter_project\venv\Lib\site-packages\pkg_resources\_vendor\packaging\_typing.py first seen with mtime 1717947458.4992933
File C:\Python39\Lib\shutil.py first seen with mtime 1630352126.0
File C:\Users\USER\Documents\Git\inverter_project\venv\Lib\site-packages\sympy\tensor\array\__init__.py first seen with mtime 1718278181.3603806
File C:\Users\USER\Documents\Git\inverter_project\venv\Lib\site-packages\django\urls\__init__.py first seen with mtime 1718021033.0686195
File C:\Python39\Lib\email\policy.py first seen with mtime 1630352124.0
File C:\Users\USER\Documents\Git\inverter_project\venv\Lib\site-packages\sympy\core\function.py first seen with mtime 1718278171.384106
File C:\Users\USER\Documents\Git\inverter_project\venv\Lib\site-packages\sympy\printing\preview.py first seen with mtime 1718278176.6063838
File C:\Users\USER\Documents\Git\inverter_project\venv\Lib\site-packages\coreapi\codecs\python.py first seen with mtime 1718362998.1136372
File C:\Users\USER\Documents\Git\inverter_project\venv\Lib\site-packages\django\template\engine.py first seen with mtime 1718021032.9389782
File C:\Users\USER\Documents\Git\inverter_project\venv\Lib\site-packages\django\db\models\constants.py first seen with mtime 1718021032.3997586
File C:\Users\USER\Documents\Git\inverter_project\venv\Lib\site-packages\sympy\printing\numpy.py first seen with mtime 1718278176.5577886
File C:\Users\USER\Documents\Git\inverter_project\venv\Lib\site-packages\django\template\loader_tags.py first seen with mtime 1718021032.9580367
File C:\Users\USER\Documents\Git\inverter_project\venv\Lib\site-packages\sympy\printing\mathml.py first seen with mtime 1718278176.5577886
File C:\Users\USER\Documents\Git\inverter_project\venv\Lib\site-packages\sympy\geometry\exceptions.py first seen with mtime 1718278172.2946935
File C:\Users\USER\Documents\Git\inverter_project\venv\Lib\site-packages\django\db\__init__.py first seen with mtime 1718021031.10402
File C:\Users\USER\Documents\Git\inverter_project\venv\Lib\site-packages\drf_yasg\app_settings.py first seen with mtime 1718364128.0850716
File C:\Users\USER\Documents\Git\inverter_project\venv\Lib\site-packages\jinja2\loaders.py first seen with mtime 1718362995.795648
File C:\Users\USER\Documents\Git\inverter_project\venv\Lib\site-packages\django\contrib\staticfiles\finders.py first seen with mtime 1718021030.7357593
File C:\Python39\Lib\inspect.py first seen with mtime 1630352124.0
File C:\Users\USER\Documents\Git\inverter_project\venv\Lib\site-packages\django\middleware\csrf.py first seen with mtime 1718021032.9003963
File C:\Users\USER\Documents\Git\inverter_project\venv\Lib\site-packages\psycopg2\_ipaddress.py first seen with mtime 1718705950.4102755
File C:\Users\USER\Documents\Git\inverter_project\venv\Lib\site-packages\django\db\backends\postgresql\base.py first seen with mtime 1718021032.2751715
File C:\Users\USER\Documents\Git\inverter_project\venv\Lib\site-packages\django\core\checks\templates.py first seen with mtime 1718021030.8452566
File C:\Users\USER\Documents\Git\inverter_project\venv\Lib\site-packages\django\core\management\sql.py first seen with mtime 1718021030.9495792
File C:\Users\USER\Documents\Git\inverter_project\venv\Lib\site-packages\sympy\simplify\fu.py first seen with mtime 1718278180.50721
File C:\Python39\Lib\asyncio\tasks.py first seen with mtime 1630352124.0
File C:\Users\USER\Documents\Git\inverter_project\venv\Lib\site-packages\django\db\models\signals.py first seen with mtime 1718021032.463892
File C:\Python39\Lib\json\encoder.py first seen with mtime 1630352124.0
File C:\Users\USER\Documents\Git\inverter_project\venv\Lib\site-packages\sympy\logic\inference.py first seen with mtime 1718278172.8861866
File C:\Users\USER\Documents\Git\inverter_project\venv\Lib\site-packages\mpmath\libmp\libmpc.py first seen with mtime 1718278155.2102323
File C:\Python39\Lib\concurrent\futures\thread.py first seen with mtime 1630352124.0
File C:\Users\USER\Documents\Git\inverter_project\venv\Lib\site-packages\dotenv\parser.py first seen with mtime 1718711102.9757445
File C:\Users\USER\Documents\Git\inverter_project\venv\Lib\site-packages\django\middleware\security.py first seen with mtime 1718021032.9191132
File C:\Users\USER\Documents\Git\inverter_project\venv\Lib\site-packages\django\conf\__init__.py first seen with mtime 1718020999.9199984
File C:\Users\USER\Documents\Git\inverter_project\venv\Lib\site-packages\sympy\polys\domainmatrix.py first seen with mtime 1718278175.3647027
File C:\Users\USER\Documents\Git\inverter_project\venv\Lib\site-packages\dotenv\main.py first seen with mtime 1718711102.9705253
File C:\Users\USER\Documents\Git\inverter_project\venv\Lib\site-packages\django\contrib\staticfiles\apps.py first seen with mtime 1718021030.7307563
File C:\Python39\Lib\wsgiref\util.py first seen with mtime 1630352126.0
File C:\Python39\Lib\zoneinfo\_tzpath.py first seen with mtime 1630352126.0
File C:\Users\USER\Documents\Git\inverter_project\venv\Lib\site-packages\sympy\polys\domains\realfield.py first seen with mtime 1718278175.7767315
File C:\Users\USER\Documents\Git\inverter_project\venv\Lib\site-packages\charset_normalizer\models.py first seen with mtime 1718362993.1974967
File C:\Python39\Lib\stat.py first seen with mtime 1630352126.0
File C:\Users\USER\Documents\Git\inverter_project\venv\Lib\site-packages\django\contrib\__init__.py first seen with mtime 1718021002.1835423
File C:\Users\USER\Documents\Git\inverter_project\venv\Lib\site-packages\requests\structures.py first seen with mtime 1718362994.866926
File C:\Users\USER\Documents\Git\inverter_project\venv\Lib\site-packages\django\utils\lorem_ipsum.py first seen with mtime 1718021033.155064
File C:\Users\USER\Documents\Git\inverter_project\venv\Lib\site-packages\django\core\checks\model_checks.py first seen with mtime 1718021030.8412566
File C:\Python39\Lib\asyncio\protocols.py first seen with mtime 1630352124.0
File C:\Python39\Lib\types.py first seen with mtime 1630352126.0
File C:\Users\USER\Documents\Git\inverter_project\venv\Lib\site-packages\requests\__version__.py first seen with mtime 1718362994.7632222
File C:\Users\USER\Documents\Git\inverter_project\venv\Lib\site-packages\pygments\lexer.py first seen with mtime 1729175977.6274283
File C:\Users\USER\Documents\Git\inverter_project\venv\Lib\site-packages\sympy\plotting\textplot.py first seen with mtime 1718278175.0722337
File C:\Users\USER\Documents\Git\inverter_project\venv\Lib\site-packages\sympy\polys\numberfields\__init__.py first seen with mtime 1718278176.053026
File C:\Users\USER\Documents\Git\inverter_project\venv\Lib\site-packages\sympy\polys\constructor.py first seen with mtime 1718278175.3527067
File C:\Python39\Lib\opcode.py first seen with mtime 1630352126.0
File C:\Python39\Lib\cgi.py first seen with mtime 1630352124.0
File C:\Users\USER\Documents\Git\inverter_project\venv\Lib\site-packages\idna\__init__.py first seen with mtime 1718362992.2668805
File C:\Python39\Lib\unittest\runner.py first seen with mtime 1630352126.0
File C:\Users\USER\Documents\Git\inverter_project\venv\Lib\site-packages\mpmath\calculus\extrapolation.py first seen with mtime 1718278155.1551528
File C:\Users\USER\Documents\Git\inverter_project\venv\Lib\site-packages\mpmath\libmp\backend.py first seen with mtime 1718278155.199174
File C:\Python39\Lib\uuid.py first seen with mtime 1630352126.0
File C:\Users\USER\Documents\Git\inverter_project\venv\Lib\site-packages\django\core\files\storage\__init__.py first seen with mtime 1718021030.894891
File C:\Users\USER\Documents\Git\inverter_project\venv\Lib\site-packages\psycopg2\_json.py first seen with mtime 1718705950.41221
File C:\Users\USER\Documents\Git\inverter_project\venv\Lib\site-packages\sympy\discrete\__init__.py first seen with mtime 1718278171.973187
File C:\Users\USER\Documents\Git\inverter_project\venv\Lib\site-packages\sympy\polys\domains\domain.py first seen with mtime 1718278175.6995733
File C:\Users\USER\Documents\Git\inverter_project\venv\Lib\site-packages\urllib3\contrib\__init__.py first seen with mtime 1718362986.696213
File C:\Users\USER\Documents\Git\inverter_project\venv\Lib\site-packages\markupsafe\_speedups.cp39-win_amd64.pyd first seen with mtime 1718362992.0515535
File C:\Users\USER\Documents\Git\inverter_project\venv\Lib\site-packages\django\db\models\aggregates.py first seen with mtime 1718021032.3947585
File C:\Users\USER\Documents\Git\inverter_project\venv\Lib\site-packages\sympy\calculus\singularities.py first seen with mtime 1718278163.7455869
File C:\Users\USER\Documents\Git\inverter_project\venv\Lib\site-packages\sympy\strategies\branch\tools.py first seen with mtime 1718278181.2941966
File C:\Users\USER\Documents\Git\inverter_project\venv\Lib\site-packages\django\views\decorators\__init__.py first seen with mtime 1718021033.2525806
File C:\Users\USER\Documents\Git\inverter_project\venv\Lib\site-packages\sympy\solvers\bivariate.py first seen with mtime 1718278180.64647
File C:\Users\USER\Documents\Git\inverter_project\venv\Lib\site-packages\django\core\management\commands\runserver.py first seen with mtime 1718021031.0106668
File C:\Python39\Lib\copyreg.py first seen with mtime 1630352124.0
File C:\Users\USER\Documents\Git\inverter_project\venv\Lib\site-packages\sympy\matrices\expressions\matpow.py first seen with mtime 1718278173.1353211
File C:\Users\USER\Documents\Git\inverter_project\venv\Lib\site-packages\pygments\formatters\_mapping.py first seen with mtime 1729175977.7203498
File C:\Users\USER\Documents\Git\inverter_project\venv\Lib\site-packages\django\contrib\admin\actions.py first seen with mtime 1718021002.2035403
File C:\Users\USER\Documents\Git\inverter_project\venv\Lib\site-packages\django\core\cache\__init__.py first seen with mtime 1718021030.799597
File C:\Users\USER\Documents\Git\inverter_project\venv\Lib\site-packages\sympy\printing\rust.py first seen with mtime 1718278176.6229205
File C:\Users\USER\Documents\Git\inverter_project\venv\Lib\site-packages\sympy\assumptions\cnf.py first seen with mtime 1718278163.2221894
File C:\Python39\Lib\asyncio\windows_utils.py first seen with mtime 1630352124.0
File C:\Users\USER\Documents\Git\inverter_project\venv\Lib\site-packages\django\db\backends\postgresql\__init__.py first seen with mtime 1718021032.2731702
File C:\Users\USER\Documents\Git\inverter_project\venv\Lib\site-packages\django\test\signals.py first seen with mtime 1718021033.0606434
File C:\Users\USER\Documents\Git\inverter_project\venv\Lib\site-packages\django\contrib\admin\sites.py first seen with mtime 1718021002.2635467
File C:\Users\USER\Documents\Git\inverter_project\venv\Lib\site-packages\sympy\functions\elementary\_trigonometric_special.py first seen with mtime 1718278172.1350272
File C:\Python39\Lib\ctypes\__init__.py first seen with mtime 1630352124.0
File C:\Users\USER\Documents\Git\inverter_project\venv\Lib\site-packages\uritemplate\template.py first seen with mtime 1718362517.318956
File C:\Users\USER\Documents\Git\inverter_project\venv\Lib\site-packages\sympy\polys\factortools.py first seen with mtime 1718278175.3927073
File C:\Python39\Lib\socketserver.py first seen with mtime 1630352126.0
File C:\Python39\Lib\email\generator.py first seen with mtime 1630352124.0
File C:\Users\USER\Documents\Git\inverter_project\venv\Lib\site-packages\django\db\backends\postgresql\schema.py first seen with mtime 1718021032.3043568
File C:\Users\USER\Documents\Git\inverter_project\venv\Lib\site-packages\mpmath\functions\functions.py first seen with mtime 1718278155.1791806
File C:\Users\USER\Documents\Git\inverter_project\venv\Lib\site-packages\django\db\backends\signals.py first seen with mtime 1718021031.1140177
File C:\Users\USER\Documents\Git\inverter_project\venv\Lib\site-packages\sympy\core\numbers.py first seen with mtime 1718278171.4290364
File C:\Users\USER\Documents\Git\inverter_project\venv\Lib\site-packages\sympy\polys\ring_series.py first seen with mtime 1718278175.4970036
File C:\Users\USER\Documents\Git\inverter_project\venv\Lib\site-packages\django\core\handlers\base.py first seen with mtime 1718021030.9126084
File C:\Users\USER\Documents\Git\inverter_project\venv\Lib\site-packages\django\db\backends\postgresql\features.py first seen with mtime 1718021032.29448
File C:\Python39\Lib\email\base64mime.py first seen with mtime 1630352124.0
File C:\Users\USER\Documents\Git\inverter_project\venv\Lib\site-packages\charset_normalizer\utils.py first seen with mtime 1718362993.202495
File C:\Users\USER\Documents\Git\inverter_project\venv\Lib\site-packages\colorama\ansi.py first seen with mtime 1718720808.4594069
File C:\Users\USER\Documents\Git\inverter_project\venv\Lib\site-packages\django\core\files\storage\memory.py first seen with mtime 1718021030.9036102
File C:\Python39\Lib\queue.py first seen with mtime 1630352126.0
File C:\Users\USER\Documents\Git\inverter_project\venv\Lib\site-packages\jazzmin\settings.py first seen with mtime 1718021114.7764008
File C:\Python39\Lib\encodings\aliases.py first seen with mtime 1630352124.0
File C:\Users\USER\Documents\Git\inverter_project\venv\Lib\site-packages\coreschema\encodings\html.py first seen with mtime 1718362997.6756008
File C:\Python39\Lib\calendar.py first seen with mtime 1630352124.0
File C:\Users\USER\Documents\Git\inverter_project\venv\Lib\site-packages\django\core\management\base.py first seen with mtime 1718021030.9450004
File C:\Users\USER\Documents\Git\inverter_project\venv\Lib\site-packages\dotenv\__init__.py first seen with mtime 1718711102.9635203
File C:\Users\USER\Documents\Git\inverter_project\venv\Lib\site-packages\sympy\core\decorators.py first seen with mtime 1718278171.3171039
File C:\Users\USER\Documents\Git\inverter_project\venv\Lib\site-packages\sympy\core\facts.py first seen with mtime 1718278171.3721068
File C:\Users\USER\Documents\Git\inverter_project\venv\Lib\site-packages\win32comext\shell\__init__.py first seen with mtime 1729175895.304444
File C:\Users\USER\Documents\Git\inverter_project\venv\Lib\site-packages\urllib3\_request_methods.py first seen with mtime 1718362986.6762145
File C:\Users\USER\Documents\Git\inverter_project\venv\Lib\site-packages\coreapi\compat.py first seen with mtime 1718362998.0901752
File C:\Users\USER\Documents\Git\inverter_project\venv\Lib\site-packages\django\contrib\auth\password_validation.py first seen with mtime 1718021007.9269078
File C:\Users\USER\Documents\Git\inverter_project\venv\Lib\site-packages\mpmath\functions\zetazeros.py first seen with mtime 1718278155.1951804
File C:\Python39\Lib\threading.py first seen with mtime 1630352126.0
File C:\Python39\Lib\importlib\resources.py first seen with mtime 1630352124.0
File C:\Users\USER\Documents\Git\inverter_project\venv\Lib\site-packages\rest_framework\utils\encoders.py first seen with mtime 1717948590.7487042
File C:\Users\USER\Documents\Git\inverter_project\venv\Lib\site-packages\rest_framework\parsers.py first seen with mtime 1717948581.2746162
File C:\Users\USER\Documents\Git\inverter_project\venv\Lib\site-packages\requests\__init__.py first seen with mtime 1718362994.7346148
File C:\Users\USER\Documents\Git\inverter_project\venv\Lib\site-packages\django\contrib\contenttypes\forms.py first seen with mtime 1718021009.0092888
File C:\Python39\Lib\asyncio\coroutines.py first seen with mtime 1630352124.0
File C:\Users\USER\Documents\Git\inverter_project\venv\Lib\site-packages\colorama\ansitowin32.py first seen with mtime 1718720808.4614024
File C:\Python39\Lib\asyncio\transports.py first seen with mtime 1630352124.0
File C:\Users\USER\Documents\Git\inverter_project\venv\Lib\site-packages\django\db\models\manager.py first seen with mtime 1718021032.454894
File C:\Users\USER\Documents\Git\inverter_project\venv\Lib\site-packages\sympy\matrices\common.py first seen with mtime 1718278172.9221902
File C:\Users\USER\Documents\Git\inverter_project\venv\Lib\site-packages\sympy\polys\rings.py first seen with mtime 1718278175.5010114
File C:\Users\USER\Documents\Git\inverter_project\venv\Lib\site-packages\django\utils\timesince.py first seen with mtime 1718021033.2053719
File C:\Users\USER\Documents\Git\inverter_project\venv\Lib\site-packages\mpmath\libmp\__init__.py first seen with mtime 1718278155.199174
File C:\Python39\Lib\tokenize.py first seen with mtime 1630352126.0
File C:\Users\USER\Documents\Git\inverter_project\venv\Lib\site-packages\mpmath\functions\qfunctions.py first seen with mtime 1718278155.1831746
File C:\Users\USER\Documents\Git\inverter_project\venv\Lib\site-packages\django\utils\dateformat.py first seen with mtime 1718021033.1064396
File C:\Users\USER\Documents\Git\inverter_project\venv\Lib\site-packages\sympy\matrices\dense.py first seen with mtime 1718278172.9261901
File C:\Python39\Lib\importlib\metadata.py first seen with mtime 1630352124.0
File C:\Users\USER\Documents\Git\inverter_project\venv\Lib\site-packages\rest_framework\decorators.py first seen with mtime 1717948581.1817305
File C:\Users\USER\Documents\Git\inverter_project\venv\Lib\site-packages\django\core\checks\__init__.py first seen with mtime 1718021030.829258
File C:\Users\USER\Documents\Git\inverter_project\venv\Lib\site-packages\django\contrib\auth\signals.py first seen with mtime 1718021007.9269078
File C:\Users\USER\Documents\Git\inverter_project\venv\Lib\site-packages\charset_normalizer\md.cp39-win_amd64.pyd first seen with mtime 1718362993.186108
File C:\Users\USER\Documents\Git\inverter_project\venv\Lib\site-packages\coreapi\transports\base.py first seen with mtime 1718362998.1216311
File C:\Users\USER\Documents\Git\inverter_project\venv\Lib\site-packages\drf_yasg\__init__.py first seen with mtime 1718364128.082902
File C:\Python39\Lib\traceback.py first seen with mtime 1630352126.0
File C:\Users\USER\Documents\Git\inverter_project\venv\Lib\site-packages\sympy\external\gmpy.py first seen with mtime 1718278172.0850823
File C:\Python39\Lib\csv.py first seen with mtime 1630352124.0
File C:\Users\USER\Documents\Git\inverter_project\venv\Lib\site-packages\sympy\core\basic.py first seen with mtime 1718278171.1809852
File C:\Users\USER\Documents\Git\inverter_project\venv\Lib\site-packages\sympy\core\cache.py first seen with mtime 1718278171.1991203
File C:\Users\USER\Documents\Git\inverter_project\venv\Lib\site-packages\sympy\matrices\expressions\funcmatrix.py first seen with mtime 1718278173.1194675
File C:\Users\USER\Documents\Git\inverter_project\venv\Lib\site-packages\sympy\concrete\products.py first seen with mtime 1718278170.924712
File C:\Users\USER\Documents\Git\inverter_project\venv\Lib\site-packages\django\utils\datastructures.py first seen with mtime 1718021033.1044233
File C:\Python39\Lib\heapq.py first seen with mtime 1630352124.0
File C:\Users\USER\Documents\Git\inverter_project\venv\Lib\site-packages\coreschema\formats.py first seen with mtime 1718362997.6646004
File C:\Users\USER\Documents\Git\inverter_project\venv\Lib\site-packages\sympy\polys\matrices\sdm.py first seen with mtime 1718278175.981027
File C:\Users\USER\Documents\Git\inverter_project\venv\Lib\site-packages\sympy\core\logic.py first seen with mtime 1718278171.4000425
File C:\Users\USER\Documents\Git\inverter_project\venv\Lib\site-packages\sympy\series\gruntz.py first seen with mtime 1718278177.0772378
File C:\Users\USER\Documents\Git\inverter_project\venv\Lib\site-packages\urllib3\fields.py first seen with mtime 1718362986.6862094
File C:\Users\USER\Documents\Git\inverter_project\venv\Lib\site-packages\typing_extensions.py first seen with mtime 1717948318.9368908
File C:\Users\USER\Documents\Git\inverter_project\venv\Lib\site-packages\charset_normalizer\md__mypyc.cp39-win_amd64.pyd first seen with mtime 1718362993.1921053
File C:\Users\USER\Documents\Git\inverter_project\venv\Lib\site-packages\drf_yasg\inspectors\view.py first seen with mtime 1718364128.1267676
File C:\Users\USER\Documents\Git\inverter_project\venv\Lib\site-packages\rest_framework\schemas\generators.py first seen with mtime 1717948583.9982915
File C:\Users\USER\Documents\Git\inverter_project\venv\Lib\site-packages\django\http\request.py first seen with mtime 1718021032.887393
File C:\Users\USER\Documents\Git\inverter_project\venv\Lib\site-packages\mpmath\ctx_base.py first seen with mtime 1718278155.0876002
File C:\Users\USER\Documents\Git\inverter_project\venv\Lib\site-packages\django\core\handlers\__init__.py first seen with mtime 1718021030.9076073
File C:\Users\USER\Documents\Git\inverter_project\venv\Lib\site-packages\django\core\mail\__init__.py first seen with mtime 1718021030.9196055
File C:\Python39\Lib\importlib\__init__.py first seen with mtime 1630352124.0
File C:\Users\USER\Documents\Git\inverter_project\venv\Lib\site-packages\drf_yasg\errors.py first seen with mtime 1718364128.0890758
File C:\Users\USER\Documents\Git\inverter_project\venv\Lib\site-packages\django\db\utils.py first seen with mtime 1718021031.108017
File C:\Users\USER\Documents\Git\inverter_project\venv\Lib\site-packages\django\contrib\postgres\__init__.py first seen with mtime 1718021020.9191196
File C:\Python39\Lib\unittest\main.py first seen with mtime 1630352126.0
File C:\Users\USER\Documents\Git\inverter_project\venv\Lib\site-packages\sympy\matrices\eigen.py first seen with mtime 1718278172.9301891
File C:\Users\USER\Documents\Git\inverter_project\venv\Lib\site-packages\sympy\plotting\pygletplot\__init__.py first seen with mtime 1718278175.1494422
File C:\Users\USER\Documents\Git\inverter_project\venv\Lib\site-packages\sympy\ntheory\modular.py first seen with mtime 1718278173.5210729
File C:\Users\USER\Documents\Git\inverter_project\venv\Lib\site-packages\sympy\parsing\__init__.py first seen with mtime 1718278173.623237
File C:\Users\USER\Documents\Git\inverter_project\venv\Lib\site-packages\sympy\printing\smtlib.py first seen with mtime 1718278176.6254919
File C:\Python39\Lib\asyncio\selector_events.py first seen with mtime 1630352124.0
File C:\Users\USER\Documents\Git\inverter_project\venv\Lib\site-packages\django\core\checks\security\__init__.py first seen with mtime 1718021030.8654034
File C:\Users\USER\Documents\Git\inverter_project\venv\Lib\site-packages\django\contrib\messages\__init__.py first seen with mtime 1718021020.8738704
File C:\Users\USER\Documents\Git\inverter_project\venv\Lib\site-packages\mpmath\matrices\linalg.py first seen with mtime 1718278155.2262163
File C:\Users\USER\Documents\Git\inverter_project\venv\Lib\site-packages\django\contrib\auth\decorators.py first seen with mtime 1718021007.906904
File C:\Users\USER\Documents\Git\inverter_project\venv\Lib\site-packages\jinja2\filters.py first seen with mtime 1718362995.7886493
File C:\Users\USER\Documents\Git\inverter_project\venv\Lib\site-packages\sympy\functions\special\spherical_harmonics.py first seen with mtime 1718278172.22811
File C:\Users\USER\Documents\Git\inverter_project\venv\Lib\site-packages\rest_framework\negotiation.py first seen with mtime 1717948581.2746162
File C:\Users\USER\Documents\Git\inverter_project\venv\Lib\site-packages\sympy\plotting\intervalmath\__init__.py first seen with mtime 1718278175.0762348
File C:\Users\USER\Documents\Git\inverter_project\venv\Lib\site-packages\sympy\functions\combinatorial\__init__.py first seen with mtime 1718278172.1170237
File C:\Users\USER\Documents\Git\inverter_project\venv\Lib\site-packages\sympy\core\multidimensional.py first seen with mtime 1718278171.4250295
File C:\Users\USER\Documents\Git\inverter_project\venv\Lib\site-packages\sympy\plotting\intervalmath\lib_interval.py first seen with mtime 1718278175.0842338
File C:\Users\USER\Documents\Git\inverter_project\venv\Lib\site-packages\sympy\polys\matrices\normalforms.py first seen with mtime 1718278175.981027
File C:\Users\USER\Documents\Git\inverter_project\venv\Lib\site-packages\sympy\functions\special\hyper.py first seen with mtime 1718278172.2191021
File C:\Users\USER\Documents\Git\inverter_project\venv\Lib\site-packages\sympy\simplify\sqrtdenest.py first seen with mtime 1718278180.535514
File C:\Users\USER\Documents\Git\inverter_project\venv\Lib\site-packages\sympy\solvers\inequalities.py first seen with mtime 1718278180.6686275
File C:\Python39\Lib\collections\__init__.py first seen with mtime 1630352124.0
File C:\Users\USER\Documents\Git\inverter_project\venv\Lib\site-packages\sqlparse\utils.py first seen with mtime 1717948325.7703288
File C:\Users\USER\Documents\Git\inverter_project\venv\Lib\site-packages\django\middleware\__init__.py first seen with mtime 1718021032.8913958
File C:\Users\USER\Documents\Git\inverter_project\venv\Lib\site-packages\sympy\functions\elementary\miscellaneous.py first seen with mtime 1718278172.1537323
File C:\Users\USER\Documents\Git\inverter_project\venv\Lib\site-packages\django\templatetags\static.py first seen with mtime 1718021033.0148
File C:\Users\USER\Documents\Git\inverter_project\venv\Lib\site-packages\django\contrib\postgres\fields\citext.py first seen with mtime 1718021020.9709744
File C:\Users\USER\Documents\Git\inverter_project\venv\Lib\site-packages\django\db\models\functions\text.py first seen with mtime 1718021032.5166643
File C:\Users\USER\Documents\Git\inverter_project\venv\Lib\site-packages\idna\intranges.py first seen with mtime 1718362992.278883
File C:\Users\USER\Documents\Git\inverter_project\venv\Lib\site-packages\mpmath\ctx_mp.py first seen with mtime 1718278155.1267464
File C:\Users\USER\Documents\Git\inverter_project\venv\Lib\site-packages\sympy\strategies\rl.py first seen with mtime 1718278181.162654
File C:\Users\USER\Documents\Git\inverter_project\venv\Lib\site-packages\sympy\core\exprtools.py first seen with mtime 1718278171.3490715
File C:\Users\USER\Documents\Git\inverter_project\venv\Lib\site-packages\sympy\polys\euclidtools.py first seen with mtime 1718278175.3687005
File C:\Users\USER\Documents\Git\inverter_project\venv\Lib\site-packages\django\contrib\auth\apps.py first seen with mtime 1718021007.8969076
File C:\Python39\Lib\subprocess.py first seen with mtime 1630352126.0
File C:\Users\USER\Documents\Git\inverter_project\venv\Lib\site-packages\pygments\filters\__init__.py first seen with mtime 1729175977.7153425
File C:\Users\USER\Documents\Git\inverter_project\venv\Lib\site-packages\sympy\matrices\expressions\dotproduct.py first seen with mtime 1718278173.07842
File C:\Users\USER\Documents\Git\inverter_project\venv\Lib\site-packages\coreapi\transports\__init__.py first seen with mtime 1718362998.1196344
File C:\Python39\Lib\email\_encoded_words.py first seen with mtime 1630352124.0
File C:\Python39\Lib\asyncio\threads.py first seen with mtime 1630352124.0
File C:\Python39\Lib\urllib\error.py first seen with mtime 1630352126.0
File C:\Users\USER\Documents\Git\inverter_project\venv\Lib\site-packages\corsheaders\defaults.py first seen with mtime 1719161005.578892
File C:\Users\USER\Documents\Git\inverter_project\venv\Lib\site-packages\sympy\polys\matrices\__init__.py first seen with mtime 1718278175.8337767
File C:\Users\USER\Documents\Git\inverter_project\venv\Lib\site-packages\sympy\series\limitseq.py first seen with mtime 1718278177.1092317
File C:\Users\USER\Documents\Git\inverter_project\venv\Lib\site-packages\dj_database_url\__init__.py first seen with mtime 1718705737.0747523
File C:\Users\USER\Documents\Git\inverter_project\venv\Lib\site-packages\idna\package_data.py first seen with mtime 1718362992.2798822
File C:\Users\USER\Documents\Git\inverter_project\venv\Lib\site-packages\django\db\models\fields\files.py first seen with mtime 1718021032.4708934
File C:\Users\USER\Documents\Git\inverter_project\venv\Lib\site-packages\django\utils\dates.py first seen with mtime 1718021033.1104412
File C:\Users\USER\Documents\Git\inverter_project\venv\Lib\site-packages\django\contrib\postgres\fields\__init__.py first seen with mtime 1718021020.9659743
File C:\Users\USER\Documents\Git\inverter_project\venv\Lib\site-packages\win32\_win32sysloader.pyd first seen with mtime 1729175890.4079936
File C:\Users\USER\Documents\Git\inverter_project\venv\Lib\site-packages\django\db\models\constraints.py first seen with mtime 1718021032.4027457
File C:\Users\USER\Documents\Git\inverter_project\venv\Lib\site-packages\django\db\backends\utils.py first seen with mtime 1718021031.117019
File C:\Python39\Lib\timeit.py first seen with mtime 1630352126.0
File C:\Users\USER\Documents\Git\inverter_project\venv\Lib\site-packages\sympy\printing\pretty\pretty_symbology.py first seen with mtime 1718278176.6500368
File C:\Users\USER\Documents\Git\inverter_project\venv\Lib\site-packages\charset_normalizer\version.py first seen with mtime 1718362993.204497
File C:\Users\USER\Documents\Git\inverter_project\venv\Lib\site-packages\sympy\interactive\printing.py first seen with mtime 1718278172.6036768
File C:\Users\USER\Documents\Git\inverter_project\venv\Lib\site-packages\sympy\solvers\solvers.py first seen with mtime 1718278180.680632
File C:\Users\USER\Documents\Git\inverter_project\venv\Lib\site-packages\django\urls\resolvers.py first seen with mtime 1718021033.0803292
File C:\Users\USER\Documents\Git\inverter_project\venv\Lib\site-packages\sympy\geometry\polygon.py first seen with mtime 1718278172.332778
File C:\Python39\Lib\gettext.py first seen with mtime 1630352124.0
File C:\Users\USER\Documents\Git\inverter_project\inverter_project\power_calculator\views.py first seen with mtime 1729176407.771947
File C:\Users\USER\Documents\Git\inverter_project\inverter_project\inverter_project\urls.py first seen with mtime 1720192954.0807042
File C:\Users\USER\Documents\Git\inverter_project\venv\Lib\site-packages\sympy\polys\polytools.py first seen with mtime 1718278175.4930074
File C:\Users\USER\Documents\Git\inverter_project\venv\Lib\site-packages\sympy\polys\numberfields\exceptions.py first seen with mtime 1718278176.0632107
File C:\Users\USER\Documents\Git\inverter_project\venv\Lib\site-packages\pygments\token.py first seen with mtime 1729175977.706242
File C:\Users\USER\Documents\Git\inverter_project\venv\Lib\site-packages\charset_normalizer\cd.py first seen with mtime 1718362993.1791103
File C:\Users\USER\Documents\Git\inverter_project\venv\Lib\site-packages\sympy\functions\elementary\hyperbolic.py first seen with mtime 1718278172.1437352
File C:\Users\USER\Documents\Git\inverter_project\venv\Lib\site-packages\django\template\defaultfilters.py first seen with mtime 1718021032.9335585
File C:\Users\USER\Documents\Git\inverter_project\venv\Lib\site-packages\jazzmin\templatetags\__init__.py first seen with mtime 1718021116.4078083
File C:\Users\USER\Documents\Git\inverter_project\venv\Lib\site-packages\django\core\servers\basehttp.py first seen with mtime 1718021031.1020195
File C:\Users\USER\Documents\Git\inverter_project\venv\Lib\site-packages\certifi\core.py first seen with mtime 1718362994.4440236
File C:\Users\USER\Documents\Git\inverter_project\venv\Lib\site-packages\click\__init__.py first seen with mtime 1718720817.21067
File C:\Users\USER\Documents\Git\inverter_project\venv\Lib\site-packages\pkg_resources\_vendor\packaging\_compat.py first seen with mtime 1717947458.4842143
File C:\Users\USER\Documents\Git\inverter_project\venv\Lib\site-packages\django\db\backends\base\base.py first seen with mtime 1718021032.1530955
File C:\Users\USER\Documents\Git\inverter_project\venv\Lib\site-packages\django\core\checks\compatibility\__init__.py first seen with mtime 1718021030.861407
File C:\Users\USER\Documents\Git\inverter_project\venv\Lib\site-packages\django\contrib\postgres\lookups.py first seen with mtime 1718021020.9322605
File C:\Users\USER\Documents\Git\inverter_project\venv\Lib\site-packages\sympy\polys\numberfields\minpoly.py first seen with mtime 1718278176.1052458
File C:\Users\USER\Documents\Git\inverter_project\venv\Lib\site-packages\sympy\interactive\traversal.py first seen with mtime 1718278172.628317
File C:\Users\USER\Documents\Git\inverter_project\venv\Lib\site-packages\urllib3\util\connection.py first seen with mtime 1718362986.7162113
File C:\Users\USER\Documents\Git\inverter_project\venv\Lib\site-packages\django\forms\__init__.py first seen with mtime 1718021032.5589876
File C:\Python39\Lib\asyncio\streams.py first seen with mtime 1630352124.0
File C:\Users\USER\Documents\Git\inverter_project\venv\Lib\site-packages\requests\api.py first seen with mtime 1718362994.797035
File C:\Users\USER\Documents\Git\inverter_project\venv\Lib\site-packages\django\core\serializers\__init__.py first seen with mtime 1718021031.0839431
File C:\Users\USER\Documents\Git\inverter_project\venv\Lib\site-packages\sympy\polys\domains\algebraicfield.py first seen with mtime 1718278175.6895366
File C:\Users\USER\Documents\Git\inverter_project\venv\Lib\site-packages\django\template\loaders\app_directories.py first seen with mtime 1718021032.9815283
File C:\Users\USER\Documents\Git\inverter_project\venv\Lib\site-packages\coreschema\compat.py first seen with mtime 1718362997.6626
File C:\Users\USER\Documents\Git\inverter_project\venv\Lib\site-packages\sympy\tensor\functions.py first seen with mtime 1718278181.346197
File C:\Users\USER\Documents\Git\inverter_project\venv\Lib\site-packages\jazzmin\templatetags\jazzmin.py first seen with mtime 1718021116.4108076
File C:\Users\USER\Documents\Git\inverter_project\venv\Lib\site-packages\sympy\tensor\array\array_comprehension.py first seen with mtime 1718278181.3603806
File C:\Python39\Lib\ctypes\wintypes.py first seen with mtime 1630352124.0
File C:\Users\USER\Documents\Git\inverter_project\venv\Lib\site-packages\django\utils\crypto.py first seen with mtime 1718021033.1018238
File C:\Users\USER\Documents\Git\inverter_project\venv\Lib\site-packages\sympy\core\mod.py first seen with mtime 1718278171.4080455
File C:\Users\USER\Documents\Git\inverter_project\venv\Lib\site-packages\sympy\solvers\decompogen.py first seen with mtime 1718278180.6646307
File C:\Users\USER\Documents\Git\inverter_project\venv\Lib\site-packages\sympy\series\residues.py first seen with mtime 1718278177.1572316
File C:\Users\USER\Documents\Git\inverter_project\venv\Lib\site-packages\django\urls\converters.py first seen with mtime 1718021033.0756197
File C:\Python39\Lib\email\mime\base.py first seen with mtime 1630352124.0
File C:\Users\USER\Documents\Git\inverter_project\venv\Lib\site-packages\sympy\polys\matrices\domainscalar.py first seen with mtime 1718278175.9210353
File C:\Users\USER\Documents\Git\inverter_project\venv\Lib\site-packages\sympy\matrices\expressions\matexpr.py first seen with mtime 1718278173.1291432
File C:\Users\USER\Documents\Git\inverter_project\venv\Lib\site-packages\sympy\utilities\decorator.py first seen with mtime 1718278181.862494
File C:\Users\USER\Documents\Git\inverter_project\venv\Lib\site-packages\sympy\polys\specialpolys.py first seen with mtime 1718278175.5130093
File C:\Users\USER\Documents\Git\inverter_project\venv\Lib\site-packages\coreapi\codecs\corejson.py first seen with mtime 1718362998.1051154
File C:\Users\USER\Documents\Git\inverter_project\venv\Lib\site-packages\django\contrib\auth\tokens.py first seen with mtime 1718021007.9369075
File C:\Users\USER\Documents\Git\inverter_project\venv\Lib\site-packages\psycopg2\_psycopg.cp39-win_amd64.pyd first seen with mtime 1718705950.435676
File C:\Python39\Lib\genericpath.py first seen with mtime 1630352124.0
File C:\Python39\DLLs\_ctypes.pyd first seen with mtime 1630352204.0
File C:\Users\USER\Documents\Git\inverter_project\venv\Lib\site-packages\mpmath\calculus\approximation.py first seen with mtime 1718278155.147398
File C:\Users\USER\Documents\Git\inverter_project\inverter_project\api\__init__.py first seen with mtime 1718026081.2373986
File C:\Users\USER\Documents\Git\inverter_project\venv\Lib\site-packages\django\contrib\admin\templatetags\base.py first seen with mtime 1718021005.433745
File C:\Users\USER\Documents\Git\inverter_project\venv\Lib\site-packages\sympy\series\fourier.py first seen with mtime 1718278177.0732353
File C:\Users\USER\Documents\Git\inverter_project\venv\Lib\site-packages\sympy\matrices\expressions\adjoint.py first seen with mtime 1718278173.062418
File C:\Users\USER\Documents\Git\inverter_project\venv\Lib\site-packages\sympy\utilities\exceptions.py first seen with mtime 1718278181.8704891
File C:\Users\USER\Documents\Git\inverter_project\venv\Lib\site-packages\sympy\sets\handlers\comparison.py first seen with mtime 1718278179.6148186
File C:\Users\USER\Documents\Git\inverter_project\venv\Lib\site-packages\jinja2\runtime.py first seen with mtime 1718362995.8134317
File C:\Users\USER\Documents\Git\inverter_project\venv\Lib\site-packages\sympy\integrals\integrals.py first seen with mtime 1718278172.4229126
File C:\Users\USER\Documents\Git\inverter_project\venv\Lib\site-packages\sympy\geometry\__init__.py first seen with mtime 1718278172.2844417
File C:\Users\USER\Documents\Git\inverter_project\venv\Lib\site-packages\django\http\response.py first seen with mtime 1718021032.889398
File C:\Users\USER\Documents\Git\inverter_project\venv\Lib\site-packages\sympy\polys\rationaltools.py first seen with mtime 1718278175.4970036
File C:\Users\USER\Documents\Git\inverter_project\venv\Lib\site-packages\mpmath\functions\hypergeometric.py first seen with mtime 1718278155.1791806
File C:\Users\USER\Documents\Git\inverter_project\inverter_project\manage.py first seen with mtime 1729179867.4433262
File C:\Users\USER\Documents\Git\inverter_project\venv\Lib\site-packages\django\__init__.py first seen with mtime 1718020999.8984375
File C:\Users\USER\Documents\Git\inverter_project\venv\Lib\site-packages\django\contrib\contenttypes\checks.py first seen with mtime 1718021008.9992826
File C:\Python39\Lib\wsgiref\simple_server.py first seen with mtime 1630352126.0
File C:\Users\USER\Documents\Git\inverter_project\venv\Lib\site-packages\django\core\management\color.py first seen with mtime 1718021030.9469998
File C:\Python39\Lib\io.py first seen with mtime 1630352124.0
File C:\Users\USER\Documents\Git\inverter_project\venv\Lib\site-packages\django\contrib\postgres\forms\__init__.py first seen with mtime 1718021020.981405
File C:\Users\USER\Documents\Git\inverter_project\venv\Lib\site-packages\mpmath\calculus\inverselaplace.py first seen with mtime 1718278155.1551921
File C:\Users\USER\Documents\Git\inverter_project\venv\Lib\site-packages\django\db\models\sql\where.py first seen with mtime 1718021032.549843
File C:\Users\USER\Documents\Git\inverter_project\venv\Lib\site-packages\sympy\assumptions\__init__.py first seen with mtime 1718278163.2136078
File C:\Users\USER\Documents\Git\inverter_project\venv\Lib\site-packages\requests\packages.py first seen with mtime 1718362994.8609264
File C:\Users\USER\Documents\Git\inverter_project\venv\Lib\site-packages\sympy\printing\pretty\pretty.py first seen with mtime 1718278176.645475
File C:\Users\USER\Documents\Git\inverter_project\venv\Lib\site-packages\sqlparse\filters\others.py first seen with mtime 1717948325.8297963
File C:\Users\USER\Documents\Git\inverter_project\venv\Lib\site-packages\sympy\polys\appellseqs.py first seen with mtime 1718278175.3487024
File C:\Users\USER\Documents\Git\inverter_project\venv\Lib\site-packages\django\core\files\uploadhandler.py first seen with mtime 1718021030.8888874
File C:\Users\USER\Documents\Git\inverter_project\venv\Lib\site-packages\django\templatetags\i18n.py first seen with mtime 1718021033.0098047
File C:\Users\USER\Documents\Git\inverter_project\venv\Lib\site-packages\sympy\ntheory\residue_ntheory.py first seen with mtime 1718278173.5330749
File C:\Python39\Lib\http\cookiejar.py first seen with mtime 1630352124.0
File C:\Users\USER\Documents\Git\inverter_project\venv\Lib\site-packages\jinja2\optimizer.py first seen with mtime 1718362995.8064294
File C:\Users\USER\Documents\Git\inverter_project\venv\Lib\site-packages\sympy\solvers\__init__.py first seen with mtime 1718278180.64647
File C:\Users\USER\Documents\Git\inverter_project\venv\Lib\site-packages\django\core\files\utils.py first seen with mtime 1718021030.890887
File C:\Python39\Lib\importlib\util.py first seen with mtime 1630352124.0
File C:\Python39\Lib\concurrent\__init__.py first seen with mtime 1630352124.0
File C:\Users\USER\Documents\Git\inverter_project\venv\Lib\site-packages\django\db\backends\base\__init__.py first seen with mtime 1718021032.1457984
File C:\Python39\Lib\json\__init__.py first seen with mtime 1630352124.0
File C:\Users\USER\Documents\Git\inverter_project\venv\Lib\site-packages\django\contrib\admin\decorators.py first seen with mtime 1718021002.233547
File C:\Python39\Lib\socket.py first seen with mtime 1630352126.0
File C:\Users\USER\Documents\Git\inverter_project\venv\Lib\site-packages\sympy\simplify\ratsimp.py first seen with mtime 1718278180.5307367
File C:\Users\USER\Documents\Git\inverter_project\venv\Lib\site-packages\rest_framework\utils\html.py first seen with mtime 1717948590.8387108
File C:\Users\USER\Documents\Git\inverter_project\venv\Lib\site-packages\sympy\polys\matrices\lll.py first seen with mtime 1718278175.9770281
File C:\Users\USER\Documents\Git\inverter_project\venv\Lib\site-packages\django\db\models\functions\__init__.py first seen with mtime 1718021032.503418
File C:\Users\USER\Documents\Git\inverter_project\venv\Lib\site-packages\mpmath\libmp\libhyper.py first seen with mtime 1718278155.207179
File C:\Users\USER\Documents\Git\inverter_project\venv\Lib\site-packages\sympy\integrals\transforms.py first seen with mtime 1718278172.481395
File C:\Users\USER\Documents\Git\inverter_project\venv\Lib\site-packages\django\contrib\messages\api.py first seen with mtime 1718021020.876871
File C:\Users\USER\Documents\Git\inverter_project\venv\Lib\site-packages\simplejson\_speedups.cp39-win_amd64.pyd first seen with mtime 1718362989.899255
File C:\Users\USER\Documents\Git\inverter_project\venv\Lib\site-packages\django\core\checks\compatibility\django_4_0.py first seen with mtime 1718021030.8634057
File C:\Users\USER\Documents\Git\inverter_project\venv\Lib\site-packages\django\db\backends\base\schema.py first seen with mtime 1718021032.1876647
File C:\Users\USER\Documents\Git\inverter_project\venv\Lib\site-packages\mpmath\functions\__init__.py first seen with mtime 1718278155.1671746
File C:\Users\USER\Documents\Git\inverter_project\venv\Lib\site-packages\packaging\_structures.py first seen with mtime 1718364123.7633147
File C:\Users\USER\Documents\Git\inverter_project\venv\Lib\site-packages\yaml\events.py first seen with mtime 1718362168.8241177
File C:\Users\USER\Documents\Git\inverter_project\venv\Lib\site-packages\django\db\models\functions\mixins.py first seen with mtime 1718021032.5134141
File C:\Python39\Lib\email\mime\__init__.py first seen with mtime 1630352124.0
File C:\Users\USER\Documents\Git\inverter_project\venv\Lib\site-packages\jazzmin\utils.py first seen with mtime 1718021116.4128077
File C:\Users\USER\Documents\Git\inverter_project\venv\Lib\site-packages\django\apps\registry.py first seen with mtime 1718020999.9099934
File C:\Users\USER\Documents\Git\inverter_project\venv\Lib\site-packages\yaml\_yaml.cp39-win_amd64.pyd first seen with mtime 1718362168.7784944
File C:\Users\USER\Documents\Git\inverter_project\venv\Lib\site-packages\sympy\matrices\repmatrix.py first seen with mtime 1718278172.9461896
File C:\Users\USER\Documents\Git\inverter_project\venv\Lib\site-packages\sympy\matrices\expressions\matadd.py first seen with mtime 1718278173.1291432
File C:\Users\USER\Documents\Git\inverter_project\venv\Lib\site-packages\sqlparse\filters\__init__.py first seen with mtime 1717948325.825798
File C:\Users\USER\Documents\Git\inverter_project\venv\Lib\site-packages\sympy\polys\domains\complexfield.py first seen with mtime 1718278175.6955802
File C:\Users\USER\Documents\Git\inverter_project\venv\Lib\site-packages\sympy\series\formal.py first seen with mtime 1718278177.0692337
File C:\Python39\Lib\pprint.py first seen with mtime 1630352126.0
File C:\Users\USER\Documents\Git\inverter_project\venv\Lib\site-packages\sympy\matrices\expressions\blockmatrix.py first seen with mtime 1718278173.07042
File C:\Users\USER\Documents\Git\inverter_project\venv\Lib\site-packages\sympy\printing\jscode.py first seen with mtime 1718278176.5372477
File C:\Python39\Lib\asyncio\base_futures.py first seen with mtime 1630352124.0
File C:\Users\USER\Documents\Git\inverter_project\venv\Lib\site-packages\pygments\lexers\_mapping.py first seen with mtime 1729175977.8534915
File C:\Python39\Lib\concurrent\futures\_base.py first seen with mtime 1630352124.0
File C:\Users\USER\Documents\Git\inverter_project\venv\Lib\site-packages\pkg_resources\_vendor\packaging\_structures.py first seen with mtime 1717947458.4992933
File C:\Python39\DLLs\_queue.pyd first seen with mtime 1630352202.0
File C:\Users\USER\Documents\Git\inverter_project\inverter_project\power_calculator\apps.py first seen with mtime 1717948652.2937143
File C:\Users\USER\Documents\Git\inverter_project\venv\Lib\site-packages\django\contrib\admin\templatetags\__init__.py first seen with mtime 1718021005.4237432
File C:\Users\USER\Documents\Git\inverter_project\venv\Lib\site-packages\urllib3\util\retry.py first seen with mtime 1718362986.7756412
File C:\Users\USER\Documents\Git\inverter_project\venv\Lib\site-packages\sympy\matrices\utilities.py first seen with mtime 1718278173.0504272
File C:\Users\USER\Documents\Git\inverter_project\venv\Lib\site-packages\sympy\utilities\iterables.py first seen with mtime 1718278181.8704891
File C:\Users\USER\Documents\Git\inverter_project\venv\Lib\site-packages\sympy\solvers\ode\subscheck.py first seen with mtime 1718278180.788947
File C:\Users\USER\Documents\Git\inverter_project\venv\Lib\site-packages\django\db\models\base.py first seen with mtime 1718021032.397758
File C:\Users\USER\Documents\Git\inverter_project\venv\Lib\site-packages\simplejson\compat.py first seen with mtime 1718362989.9012544
File C:\Users\USER\Documents\Git\inverter_project\venv\Lib\site-packages\sympy\polys\domains\domainelement.py first seen with mtime 1718278175.7035766
File C:\Users\USER\Documents\Git\inverter_project\venv\Lib\site-packages\mpmath\matrices\matrices.py first seen with mtime 1718278155.2262163
File C:\Users\USER\Documents\Git\inverter_project\venv\Lib\site-packages\rest_framework\compat.py first seen with mtime 1717948581.1797009
File C:\Users\USER\Documents\Git\inverter_project\venv\Lib\site-packages\sympy\polys\domains\field.py first seen with mtime 1718278175.7075737
File C:\Users\USER\Documents\Git\inverter_project\venv\Lib\site-packages\mpmath\libmp\libmpi.py first seen with mtime 1718278155.214224
File C:\Python39\Lib\encodings\idna.py first seen with mtime 1630352124.0
File C:\Users\USER\Documents\Git\inverter_project\venv\Lib\site-packages\sympy\tensor\indexed.py first seen with mtime 1718278181.3501987
File C:\Users\USER\Documents\Git\inverter_project\venv\Lib\site-packages\sympy\ntheory\__init__.py first seen with mtime 1718278173.4648728
File C:\Users\USER\Documents\Git\inverter_project\venv\Lib\site-packages\django\db\models\fields\mixins.py first seen with mtime 1718021032.4831927
File C:\Users\USER\Documents\Git\inverter_project\venv\Lib\site-packages\django\db\models\sql\subqueries.py first seen with mtime 1718021032.547844
File C:\Users\USER\Documents\Git\inverter_project\venv\Lib\site-packages\psycopg2\__init__.py first seen with mtime 1718705950.333811
File C:\Users\USER\Documents\Git\inverter_project\venv\Lib\site-packages\sympy\polys\domains\gmpyrationalfield.py first seen with mtime 1718278175.723576
File C:\Users\USER\Documents\Git\inverter_project\venv\Lib\site-packages\django\contrib\staticfiles\__init__.py first seen with mtime 1718021030.7104816
File C:\Users\USER\Documents\Git\inverter_project\venv\Lib\site-packages\sympy\sets\sets.py first seen with mtime 1718278177.39072
File C:\Python39\Lib\urllib\request.py first seen with mtime 1630352126.0
File C:\Python39\Lib\email\contentmanager.py first seen with mtime 1630352124.0
File C:\Python39\Lib\zoneinfo\__init__.py first seen with mtime 1630352126.0
File C:\Users\USER\Documents\Git\inverter_project\venv\Lib\site-packages\urllib3\_base_connection.py first seen with mtime 1718362986.666214
File C:\Python39\Lib\pickle.py first seen with mtime 1630352126.0
File C:\Python39\Lib\json\decoder.py first seen with mtime 1630352124.0
File C:\Users\USER\Documents\Git\inverter_project\venv\Lib\site-packages\sympy\polys\matrices\_typing.py first seen with mtime 1718278175.8850381
File C:\Users\USER\Documents\Git\inverter_project\venv\Lib\site-packages\django\core\servers\__init__.py first seen with mtime 1718021031.0995922
File C:\Users\USER\Documents\Git\inverter_project\venv\Lib\site-packages\django\contrib\sessions\apps.py first seen with mtime 1718021022.3040528
File C:\Users\USER\Documents\Git\inverter_project\venv\Lib\site-packages\sympy\assumptions\assume.py first seen with mtime 1718278163.2186017
File C:\Users\USER\Documents\Git\inverter_project\venv\Lib\site-packages\sympy\external\pythonmpq.py first seen with mtime 1718278172.0899339
File C:\Users\USER\Documents\Git\inverter_project\venv\Lib\site-packages\sympy\simplify\radsimp.py first seen with mtime 1718278180.5252662
File C:\Users\USER\Documents\Git\inverter_project\venv\Lib\site-packages\sympy\matrices\sparsetools.py first seen with mtime 1718278172.9501894
File C:\Users\USER\Documents\Git\inverter_project\venv\Lib\site-packages\urllib3\util\ssl_match_hostname.py first seen with mtime 1718362986.7756412
File C:\Users\USER\Documents\Git\inverter_project\venv\Lib\site-packages\coreapi\auth.py first seen with mtime 1718362998.0851781
File C:\Users\USER\Documents\Git\inverter_project\venv\Lib\site-packages\django\contrib\sites\requests.py first seen with mtime 1718021026.8869853
File C:\Python39\Lib\platform.py first seen with mtime 1630352126.0
File C:\Users\USER\Documents\Git\inverter_project\venv\Lib\site-packages\sympy\matrices\matrices.py first seen with mtime 1718278172.938187
File C:\Users\USER\Documents\Git\inverter_project\venv\Lib\site-packages\psycopg2\errors.py first seen with mtime 1718705950.495998
File C:\Python39\Lib\bz2.py first seen with mtime 1630352124.0
File C:\Users\USER\Documents\Git\inverter_project\venv\Lib\site-packages\pkg_resources\__init__.py first seen with mtime 1717947458.4642532
File C:\Users\USER\Documents\Git\inverter_project\venv\Lib\site-packages\sympy\geometry\parabola.py first seen with mtime 1718278172.299698
File C:\Users\USER\Documents\Git\inverter_project\venv\Lib\site-packages\django\contrib\staticfiles\handlers.py first seen with mtime 1718021030.7377598
File C:\Python39\Lib\asyncio\windows_events.py first seen with mtime 1630352124.0
File C:\Users\USER\Documents\Git\inverter_project\venv\Lib\site-packages\dotenv\variables.py first seen with mtime 1718711102.9807363
File C:\Python39\Lib\json\scanner.py first seen with mtime 1630352124.0
File C:\Users\USER\Documents\Git\inverter_project\venv\Lib\site-packages\sqlparse\engine\__init__.py first seen with mtime 1717948325.7751493
File C:\Users\USER\Documents\Git\inverter_project\venv\Lib\site-packages\jinja2\compiler.py first seen with mtime 1718362995.772002
File C:\Users\USER\Documents\Git\inverter_project\venv\Lib\site-packages\coreschema\schemas.py first seen with mtime 1718362997.6665998
File C:\Python39\Lib\warnings.py first seen with mtime 1630352126.0
File C:\Python39\Lib\email\parser.py first seen with mtime 1630352124.0
File C:\Users\USER\Documents\Git\inverter_project\venv\Lib\site-packages\sqlparse\cli.py first seen with mtime 1717948325.6903262
File C:\Python39\Lib\asyncio\constants.py first seen with mtime 1630352124.0
File C:\Users\USER\Documents\Git\inverter_project\venv\Lib\site-packages\django\test\html.py first seen with mtime 1718021033.0257988
File C:\Users\USER\Documents\Git\inverter_project\venv\Lib\site-packages\sympy\polys\polyutils.py first seen with mtime 1718278175.4930074
File C:\Users\USER\Documents\Git\inverter_project\venv\Lib\site-packages\django\core\cache\backends\__init__.py first seen with mtime 1718021030.803599
File C:\Users\USER\Documents\Git\inverter_project\venv\Lib\site-packages\sympy\matrices\expressions\inverse.py first seen with mtime 1718278173.1246054
File C:\Python39\Lib\selectors.py first seen with mtime 1630352126.0
File C:\Python39\Lib\os.py first seen with mtime 1630352126.0
File C:\Users\USER\Documents\Git\inverter_project\venv\Lib\site-packages\django\db\backends\base\client.py first seen with mtime 1718021032.1570964
File C:\Users\USER\Documents\Git\inverter_project\venv\Lib\site-packages\django\utils\itercompat.py first seen with mtime 1718021033.1483731
File C:\Users\USER\Documents\Git\inverter_project\venv\Lib\site-packages\django\forms\forms.py first seen with mtime 1718021032.5663908
File C:\Users\USER\Documents\Git\inverter_project\venv\Lib\site-packages\pygments\__init__.py first seen with mtime 1729175977.6106682
File C:\Users\USER\Documents\Git\inverter_project\venv\Lib\site-packages\sympy\matrices\determinant.py first seen with mtime 1718278172.9261901
File C:\Users\USER\Documents\Git\inverter_project\venv\Lib\site-packages\django\views\csrf.py first seen with mtime 1718021033.2407281
File C:\Users\USER\Documents\Git\inverter_project\venv\Lib\site-packages\sympy\ntheory\digits.py first seen with mtime 1718278173.4989314
File C:\Users\USER\Documents\Git\inverter_project\venv\Lib\site-packages\sympy\polys\domains\integerring.py first seen with mtime 1718278175.7275734
File C:\Python39\Lib\pkgutil.py first seen with mtime 1630352126.0
File C:\Users\USER\Documents\Git\inverter_project\venv\Lib\site-packages\django\contrib\messages\storage\base.py first seen with mtime 1718021020.912123
File C:\Users\USER\Documents\Git\inverter_project\venv\Lib\site-packages\simplejson\raw_json.py first seen with mtime 1718362989.960914
File C:\Users\USER\Documents\Git\inverter_project\venv\Lib\site-packages\pygments\styles\__init__.py first seen with mtime 1729175978.9768784
File C:\Python39\Lib\stringprep.py first seen with mtime 1630352126.0
File C:\Users\USER\Documents\Git\inverter_project\venv\Lib\site-packages\urllib3\util\ssltransport.py first seen with mtime 1718362986.796486
File C:\Users\USER\Documents\Git\inverter_project\venv\Lib\site-packages\sympy\geometry\util.py first seen with mtime 1718278172.3357847
File C:\Users\USER\Documents\Git\inverter_project\venv\Lib\site-packages\pkg_resources\_vendor\packaging\specifiers.py first seen with mtime 1717947458.5044
File C:\Users\USER\Documents\Git\inverter_project\venv\Lib\site-packages\sympy\matrices\expressions\hadamard.py first seen with mtime 1718278173.1225436
File C:\Users\USER\Documents\Git\inverter_project\venv\Lib\site-packages\sympy\polys\polyconfig.py first seen with mtime 1718278175.473007
File C:\Users\USER\Documents\Git\inverter_project\venv\Lib\site-packages\win32\win32api.pyd first seen with mtime 1729175890.601703
File C:\Users\USER\Documents\Git\inverter_project\venv\Lib\site-packages\coreapi\exceptions.py first seen with mtime 1718362998.095174
File C:\Users\USER\Documents\Git\inverter_project\venv\Lib\site-packages\django\utils\timezone.py first seen with mtime 1718021033.2082372
File C:\Python39\Lib\linecache.py first seen with mtime 1630352124.0
File C:\Users\USER\Documents\Git\inverter_project\venv\Lib\site-packages\django\db\backends\base\validation.py first seen with mtime 1718021032.189667
File C:\Users\USER\Documents\Git\inverter_project\venv\Lib\site-packages\sympy\polys\matrices\domainmatrix.py first seen with mtime 1718278175.9050262
File C:\Users\USER\Documents\Git\inverter_project\venv\Lib\site-packages\sympy\matrices\expressions\matmul.py first seen with mtime 1718278173.132718
File C:\Users\USER\Documents\Git\inverter_project\venv\Lib\site-packages\django\forms\widgets.py first seen with mtime 1718021032.591488
File C:\Users\USER\Documents\Git\inverter_project\venv\Lib\site-packages\rest_framework\schemas\utils.py first seen with mtime 1717948584.168311
File C:\Users\USER\Documents\Git\inverter_project\venv\Lib\site-packages\sympy\logic\__init__.py first seen with mtime 1718278172.8821847
File C:\Python39\Lib\difflib.py first seen with mtime 1630352124.0
File C:\Users\USER\Documents\Git\inverter_project\venv\Lib\site-packages\sympy\core\expr.py first seen with mtime 1718278171.3241055
File C:\Python39\Lib\email\_policybase.py first seen with mtime 1630352124.0
File C:\Users\USER\Documents\Git\inverter_project\venv\Lib\site-packages\django\contrib\auth\management\__init__.py first seen with mtime 1718021008.8530552
File C:\Users\USER\Documents\Git\inverter_project\venv\Lib\site-packages\django\db\models\query_utils.py first seen with mtime 1718021032.4608946
File C:\Users\USER\Documents\Git\inverter_project\venv\Lib\site-packages\django\forms\fields.py first seen with mtime 1718021032.5643718
File C:\Users\USER\Documents\Git\inverter_project\inverter_project\inverter_project\settings\common.py first seen with mtime 1729180383.2581062
File C:\Users\USER\Documents\Git\inverter_project\venv\Lib\site-packages\sympy\printing\julia.py first seen with mtime 1718278176.541246
File C:\Python39\DLLs\_bz2.pyd first seen with mtime 1630352202.0
File C:\Python39\Lib\keyword.py first seen with mtime 1630352124.0
File C:\Users\USER\Documents\Git\inverter_project\venv\Lib\site-packages\sympy\printing\codeprinter.py first seen with mtime 1718278176.5163221
File C:\Users\USER\Documents\Git\inverter_project\venv\Lib\site-packages\sympy\polys\domains\pythonfinitefield.py first seen with mtime 1718278175.7452235
File C:\Users\USER\Documents\Git\inverter_project\venv\Lib\site-packages\sympy\sets\__init__.py first seen with mtime 1718278177.2092328
File C:\Python39\Lib\configparser.py first seen with mtime 1630352124.0
File C:\Users\USER\Documents\Git\inverter_project\venv\Lib\site-packages\django\contrib\postgres\validators.py first seen with mtime 1718021020.9549725
File C:\Python39\Lib\email\feedparser.py first seen with mtime 1630352124.0
File C:\Users\USER\Documents\Git\inverter_project\venv\Lib\site-packages\django\http\__init__.py first seen with mtime 1718021032.8807158
File C:\Users\USER\Documents\Git\inverter_project\venv\Lib\site-packages\mpmath\rational.py first seen with mtime 1718278155.139403
File C:\Python39\Lib\unittest\result.py first seen with mtime 1630352126.0
File C:\Users\USER\Documents\Git\inverter_project\venv\Lib\site-packages\sympy\core\__init__.py first seen with mtime 1718278171.0917635
File C:\Users\USER\Documents\Git\inverter_project\venv\Lib\site-packages\urllib3\connection.py first seen with mtime 1718362986.6762145
File C:\Python39\Lib\asyncio\queues.py first seen with mtime 1630352124.0
File C:\Users\USER\Documents\Git\inverter_project\venv\Lib\site-packages\rest_framework\routers.py first seen with mtime 1717948581.3246195
File C:\Users\USER\Documents\Git\inverter_project\venv\Lib\site-packages\sympy\polys\domains\compositedomain.py first seen with mtime 1718278175.6995733
File C:\Users\USER\Documents\Git\inverter_project\venv\Lib\site-packages\django\db\migrations\state.py first seen with mtime 1718021032.3576312
File C:\Python39\Lib\wsgiref\headers.py first seen with mtime 1630352126.0
File C:\Users\USER\Documents\Git\inverter_project\venv\Lib\site-packages\django\core\exceptions.py first seen with mtime 1718021030.7859023
File C:\Users\USER\Documents\Git\inverter_project\venv\Lib\site-packages\jazzmin\compat.py first seen with mtime 1718021114.5268147
File C:\Users\USER\Documents\Git\inverter_project\venv\Lib\site-packages\django\contrib\admin\views\main.py first seen with mtime 1718021005.443741
File C:\Users\USER\Documents\Git\inverter_project\venv\Lib\site-packages\sympy\multipledispatch\__init__.py first seen with mtime 1718278173.3686113
File C:\Users\USER\Documents\Git\inverter_project\venv\Lib\site-packages\django\contrib\admindocs\utils.py first seen with mtime 1718021005.4737377
File C:\Users\USER\Documents\Git\inverter_project\venv\Lib\site-packages\django\utils\tree.py first seen with mtime 1718021033.2122567
File C:\Users\USER\Documents\Git\inverter_project\venv\Lib\site-packages\pkg_resources\_vendor\packaging\utils.py first seen with mtime 1717947458.5094132
File C:\Users\USER\Documents\Git\inverter_project\venv\Lib\site-packages\yaml\nodes.py first seen with mtime 1718362168.8391778
File C:\Python39\Lib\textwrap.py first seen with mtime 1630352126.0
File C:\Users\USER\Documents\Git\inverter_project\venv\Lib\site-packages\sympy\solvers\solveset.py first seen with mtime 1718278180.6846323
File C:\Python39\Lib\hashlib.py first seen with mtime 1630352124.0
File C:\Users\USER\Documents\Git\inverter_project\venv\Lib\site-packages\yaml\tokens.py first seen with mtime 1718362169.136109
File C:\Users\USER\Documents\Git\inverter_project\venv\Lib\site-packages\sympy\tensor\__init__.py first seen with mtime 1718278181.346197
File C:\Users\USER\Documents\Git\inverter_project\venv\Lib\site-packages\django\utils\dateparse.py first seen with mtime 1718021033.1084402
File C:\Users\USER\Documents\Git\inverter_project\venv\Lib\site-packages\django\utils\module_loading.py first seen with mtime 1718021033.1577072
File C:\Users\USER\Documents\Git\inverter_project\venv\Lib\site-packages\yaml\cyaml.py first seen with mtime 1718362168.7957547
File C:\Users\USER\Documents\Git\inverter_project\venv\Lib\site-packages\yaml\emitter.py first seen with mtime 1718362168.8007553
File C:\Users\USER\Documents\Git\inverter_project\venv\Lib\site-packages\drf_yasg\renderers.py first seen with mtime 1718364128.0980742
File C:\Users\USER\Documents\Git\inverter_project\venv\Lib\site-packages\django\db\migrations\operations\__init__.py first seen with mtime 1718021032.380757
File C:\Users\USER\Documents\Git\inverter_project\venv\Lib\site-packages\django\db\transaction.py first seen with mtime 1718021031.1060174
File C:\Users\USER\Documents\Git\inverter_project\venv\Lib\site-packages\django\utils\safestring.py first seen with mtime 1718021033.162727
File C:\Python39\Lib\email\__init__.py first seen with mtime 1630352124.0
File C:\Users\USER\Documents\Git\inverter_project\venv\Lib\site-packages\sympy\functions\special\bessel.py first seen with mtime 1718278172.200206
File C:\Users\USER\Documents\Git\inverter_project\venv\Lib\site-packages\django\template\autoreload.py first seen with mtime 1718021032.9231136
File C:\Users\USER\Documents\Git\inverter_project\venv\Lib\site-packages\django\db\models\lookups.py first seen with mtime 1718021032.4518902
File C:\Users\USER\Documents\Git\inverter_project\venv\Lib\site-packages\drf_yasg\generators.py first seen with mtime 1718364128.0920782
File C:\Python39\Lib\hmac.py first seen with mtime 1630352124.0
File C:\Users\USER\Documents\Git\inverter_project\venv\Lib\site-packages\urllib3\util\url.py first seen with mtime 1718362986.796486
File C:\Python39\Lib\_compat_pickle.py first seen with mtime 1630352124.0
File C:\Users\USER\Documents\Git\inverter_project\venv\Lib\site-packages\mpmath\calculus\differentiation.py first seen with mtime 1718278155.1514022
File C:\Python39\Lib\urllib\response.py first seen with mtime 1630352126.0
File C:\Users\USER\Documents\Git\inverter_project\venv\Lib\site-packages\mpmath\libmp\libmpf.py first seen with mtime 1718278155.214224
File C:\Users\USER\Documents\Git\inverter_project\venv\Lib\site-packages\colorama\winterm.py first seen with mtime 1718720808.5584006
File C:\Users\USER\Documents\Git\inverter_project\venv\Lib\site-packages\sympy\solvers\ode\single.py first seen with mtime 1718278180.788947
File C:\Users\USER\Documents\Git\inverter_project\venv\Lib\site-packages\sqlparse\engine\filter_stack.py first seen with mtime 1717948325.777145
File C:\Users\USER\Documents\Git\inverter_project\venv\Lib\site-packages\django\contrib\postgres\fields\jsonb.py first seen with mtime 1718021020.974972
File C:\Users\USER\Documents\Git\inverter_project\venv\Lib\site-packages\sympy\matrices\expressions\determinant.py first seen with mtime 1718278173.0744228
File C:\Users\USER\Documents\Git\inverter_project\venv\Lib\site-packages\rest_framework\mixins.py first seen with mtime 1717948581.2345724
File C:\Users\USER\Documents\Git\inverter_project\venv\Lib\site-packages\sympy\polys\numberfields\resolvent_lookup.py first seen with mtime 1718278176.1132443
File C:\Users\USER\Documents\Git\inverter_project\venv\Lib\site-packages\django\contrib\contenttypes\models.py first seen with mtime 1718021009.0092888
File C:\Users\USER\Documents\Git\inverter_project\venv\Lib\site-packages\sympy\functions\special\elliptic_integrals.py first seen with mtime 1718278172.2102082
File C:\Users\USER\Documents\Git\inverter_project\venv\Lib\site-packages\rest_framework\views.py first seen with mtime 1717948581.41461
File C:\Users\USER\Documents\Git\inverter_project\venv\Lib\site-packages\click\termui.py first seen with mtime 1718720817.304667
File C:\Users\USER\Documents\Git\inverter_project\venv\Lib\site-packages\mpmath\__init__.py first seen with mtime 1718278155.0855987
File C:\Users\USER\Documents\Git\inverter_project\venv\Lib\site-packages\django\core\files\base.py first seen with mtime 1718021030.876324
File C:\Python39\Lib\token.py first seen with mtime 1630352126.0
File C:\Users\USER\Documents\Git\inverter_project\venv\Lib\site-packages\django\db\models\fields\reverse_related.py first seen with mtime 1718021032.501411
File C:\Users\USER\Documents\Git\inverter_project\venv\Lib\site-packages\django\db\models\deletion.py first seen with mtime 1718021032.4047494
File C:\Users\USER\Documents\Git\inverter_project\venv\Lib\site-packages\django\contrib\admin\templatetags\admin_list.py first seen with mtime 1718021005.4237432
File C:\Users\USER\Documents\Git\inverter_project\venv\Lib\site-packages\sympy\polys\matrices\linsolve.py first seen with mtime 1718278175.9730277
File C:\Python39\Lib\weakref.py first seen with mtime 1630352126.0
File C:\Users\USER\Documents\Git\inverter_project\venv\Lib\site-packages\sympy\strategies\core.py first seen with mtime 1718278181.1586537
File C:\Users\USER\Documents\Git\inverter_project\venv\Lib\site-packages\sympy\solvers\diophantine\__init__.py first seen with mtime 1718278180.6926317
File C:\Users\USER\Documents\Git\inverter_project\venv\Lib\site-packages\django\core\handlers\wsgi.py first seen with mtime 1718021030.9166057
File C:\Users\USER\Documents\Git\inverter_project\venv\Lib\site-packages\django\templatetags\cache.py first seen with mtime 1718021033.0068004
File C:\Users\USER\Documents\Git\inverter_project\venv\Lib\site-packages\uritemplate\orderedset.py first seen with mtime 1718362517.3129604
File C:\Users\USER\Documents\Git\inverter_project\venv\Lib\site-packages\django\core\files\locks.py first seen with mtime 1718021030.8808918
File C:\Users\USER\Documents\Git\inverter_project\venv\Lib\site-packages\sympy\functions\elementary\__init__.py first seen with mtime 1718278172.1330268
File C:\Users\USER\Documents\Git\inverter_project\venv\Lib\site-packages\django\core\handlers\asgi.py first seen with mtime 1718021030.9106076
File C:\Users\USER\Documents\Git\inverter_project\venv\Lib\site-packages\sympy\tensor\array\arrayop.py first seen with mtime 1718278181.3883715
File C:\Users\USER\Documents\Git\inverter_project\venv\Lib\site-packages\django\dispatch\dispatcher.py first seen with mtime 1718021032.554986
File C:\Users\USER\Documents\Git\inverter_project\venv\Lib\site-packages\django\contrib\auth\__init__.py first seen with mtime 1718021007.8869083
File C:\Users\USER\Documents\Git\inverter_project\venv\Lib\site-packages\corsheaders\apps.py first seen with mtime 1719161005.543318
File C:\Python39\Lib\asyncio\runners.py first seen with mtime 1630352124.0
File C:\Users\USER\Documents\Git\inverter_project\venv\Lib\site-packages\sympy\polys\densetools.py first seen with mtime 1718278175.3607063
File C:\Users\USER\Documents\Git\inverter_project\venv\Lib\site-packages\sympy\polys\domains\simpledomain.py first seen with mtime 1718278175.7807343
File C:\Users\USER\Documents\Git\inverter_project\venv\Lib\site-packages\sympy\release.py first seen with mtime 1718278163.2005985
File C:\Users\USER\Documents\Git\inverter_project\venv\Lib\site-packages\sympy\discrete\convolutions.py first seen with mtime 1718278171.9751878
File C:\Python39\Lib\nturl2path.py first seen with mtime 1630352126.0
File C:\Users\USER\Documents\Git\inverter_project\venv\Lib\site-packages\sympy\polys\numberfields\subfield.py first seen with mtime 1718278176.1153038
File C:\Users\USER\Documents\Git\inverter_project\venv\Lib\site-packages\sympy\matrices\reductions.py first seen with mtime 1718278172.9421866
File C:\Users\USER\Documents\Git\inverter_project\venv\Lib\site-packages\sympy\matrices\solvers.py first seen with mtime 1718278172.9461896
File C:\Users\USER\Documents\Git\inverter_project\venv\Lib\site-packages\pytz\lazy.py first seen with mtime 1718364120.5008752
File C:\Users\USER\Documents\Git\inverter_project\venv\Lib\site-packages\sympy\polys\polyoptions.py first seen with mtime 1718278175.4850104
File C:\Users\USER\Documents\Git\inverter_project\venv\Lib\site-packages\django\db\migrations\utils.py first seen with mtime 1718021032.3596292
File C:\Users\USER\Documents\Git\inverter_project\venv\Lib\site-packages\sympy\functions\special\bsplines.py first seen with mtime 1718278172.205209
File C:\Python39\Lib\functools.py first seen with mtime 1630352124.0
File C:\Python39\Lib\asyncio\base_events.py first seen with mtime 1630352124.0
File C:\Users\USER\Documents\Git\inverter_project\venv\Lib\site-packages\django\core\checks\urls.py first seen with mtime 1718021030.8594046
File C:\Python39\Lib\pathlib.py first seen with mtime 1630352126.0
File C:\Users\USER\Documents\Git\inverter_project\venv\Lib\site-packages\django\db\models\fields\related_lookups.py first seen with mtime 1718021032.4981933
File C:\Python39\Lib\codecs.py first seen with mtime 1630352124.0
File C:\Users\USER\Documents\Git\inverter_project\venv\Lib\site-packages\pygments\util.py first seen with mtime 1729175977.710329
File C:\Users\USER\Documents\Git\inverter_project\venv\Lib\site-packages\sympy\matrices\graph.py first seen with mtime 1718278172.9341903
File C:\Python39\Lib\base64.py first seen with mtime 1630352124.0
File C:\Users\USER\Documents\Git\inverter_project\venv\Lib\site-packages\sqlparse\lexer.py first seen with mtime 1717948325.7603276
File C:\Users\USER\Documents\Git\inverter_project\venv\Lib\site-packages\asgiref\local.py first seen with mtime 1717948331.44339
File C:\Users\USER\Documents\Git\inverter_project\venv\Lib\site-packages\sympy\utilities\__init__.py first seen with mtime 1718278181.8544905
File C:\Users\USER\Documents\Git\inverter_project\venv\Lib\site-packages\rest_framework\utils\formatting.py first seen with mtime 1717948590.8287005
File C:\Users\USER\Documents\Git\inverter_project\venv\Lib\site-packages\sympy\integrals\laplace.py first seen with mtime 1718278172.4284487
File C:\Users\USER\Documents\Git\inverter_project\venv\Lib\site-packages\django\db\migrations\migration.py first seen with mtime 1718021032.3468852
File C:\Users\USER\Documents\Git\inverter_project\venv\Lib\site-packages\mpmath\calculus\calculus.py first seen with mtime 1718278155.1494088
File C:\Users\USER\Documents\Git\inverter_project\venv\Lib\site-packages\django\db\models\fields\related_descriptors.py first seen with mtime 1718021032.4961922
File C:\Users\USER\Documents\Git\inverter_project\venv\Lib\site-packages\packaging\version.py first seen with mtime 1718364123.7833178
File C:\Users\USER\Documents\Git\inverter_project\venv\Lib\site-packages\django\template\base.py first seen with mtime 1718021032.9261136
File C:\Users\USER\Documents\Git\inverter_project\venv\Lib\site-packages\sqlparse\filters\reindent.py first seen with mtime 1717948325.8337958
File C:\Users\USER\Documents\Git\inverter_project\venv\Lib\site-packages\sympy\polys\domains\pythonrationalfield.py first seen with mtime 1718278175.7491713
File C:\Users\USER\Documents\Git\inverter_project\venv\Lib\site-packages\sympy\tensor\index_methods.py first seen with mtime 1718278181.3501987
File C:\Users\USER\Documents\Git\inverter_project\venv\Lib\site-packages\colorama\__init__.py first seen with mtime 1718720808.4563992
File C:\Users\USER\Documents\Git\inverter_project\venv\Lib\site-packages\mpmath\matrices\__init__.py first seen with mtime 1718278155.218216
File C:\Users\USER\Documents\Git\inverter_project\venv\Lib\site-packages\sympy\functions\__init__.py first seen with mtime 1718278172.1131732
File C:\Python39\Lib\email\iterators.py first seen with mtime 1630352124.0
File C:\Users\USER\Documents\Git\inverter_project\venv\Lib\site-packages\django\templatetags\tz.py first seen with mtime 1718021033.0178041
File C:\Users\USER\Documents\Git\inverter_project\venv\Lib\site-packages\sympy\utilities\magic.py first seen with mtime 1718278182.0368445
File C:\Users\USER\Documents\Git\inverter_project\venv\Lib\site-packages\sympy\solvers\ode\systems.py first seen with mtime 1718278180.792943
File C:\Users\USER\Documents\Git\inverter_project\venv\Lib\site-packages\urllib3\connectionpool.py first seen with mtime 1718362986.6762145
File C:\Users\USER\Documents\Git\inverter_project\venv\Lib\site-packages\asgiref\__init__.py first seen with mtime 1717948331.44339
File C:\Users\USER\Documents\Git\inverter_project\venv\Lib\site-packages\pygments\formatters\html.py first seen with mtime 1729175977.7402363
File C:\Users\USER\Documents\Git\inverter_project\venv\Lib\site-packages\django\forms\renderers.py first seen with mtime 1718021032.5864885
File C:\Users\USER\Documents\Git\inverter_project\venv\Lib\site-packages\sympy\functions\combinatorial\factorials.py first seen with mtime 1718278172.1190262
File C:\Users\USER\Documents\Git\inverter_project\venv\Lib\site-packages\sympy\polys\domains\polynomialring.py first seen with mtime 1718278175.7416282
File C:\Users\USER\Documents\Git\inverter_project\venv\Lib\site-packages\sympy\geometry\entity.py first seen with mtime 1718278172.2916942
File C:\Users\USER\Documents\Git\inverter_project\venv\Lib\site-packages\sympy\matrices\expressions\companion.py first seen with mtime 1718278173.07042
File C:\Users\USER\Documents\Git\inverter_project\venv\Lib\site-packages\sympy\solvers\pde.py first seen with mtime 1718278180.6726353
File C:\Users\USER\Documents\Git\inverter_project\venv\Lib\site-packages\django\core\cache\backends\locmem.py first seen with mtime 1718021030.8225963
File C:\Users\USER\Documents\Git\inverter_project\venv\Lib\site-packages\django\http\cookie.py first seen with mtime 1718021032.8824022
File C:\Users\USER\Documents\Git\inverter_project\venv\Lib\site-packages\sympy\polys\groebnertools.py first seen with mtime 1718278175.4530053
File C:\Python39\Lib\encodings\cp1252.py first seen with mtime 1630352124.0
File C:\Users\USER\Documents\Git\inverter_project\venv\Lib\site-packages\pkg_resources\_vendor\packaging\version.py first seen with mtime 1717947458.5139763
File C:\Python39\Lib\email\_header_value_parser.py first seen with mtime 1630352124.0
File C:\Users\USER\Documents\Git\inverter_project\venv\Lib\site-packages\sympy\core\_print_helpers.py first seen with mtime 1718278171.093763
File C:\Users\USER\Documents\Git\inverter_project\venv\Lib\site-packages\django\contrib\postgres\fields\ranges.py first seen with mtime 1718021020.9769716
File C:\Users\USER\Documents\Git\inverter_project\venv\Lib\site-packages\django\core\checks\async_checks.py first seen with mtime 1718021030.8312595
File C:\Users\USER\Documents\Git\inverter_project\venv\Lib\site-packages\sympy\core\symbol.py first seen with mtime 1718278171.453743
File C:\Users\USER\Documents\Git\inverter_project\venv\Lib\site-packages\django\views\__init__.py first seen with mtime 1718021033.230934
File C:\Users\USER\Documents\Git\inverter_project\venv\Lib\site-packages\django\contrib\sessions\base_session.py first seen with mtime 1718021022.3067758
File C:\Python39\Lib\ctypes\_endian.py first seen with mtime 1630352124.0
File C:\Python39\Lib\datetime.py first seen with mtime 1630352124.0
File C:\Users\USER\Documents\Git\inverter_project\venv\Lib\site-packages\sympy\polys\domains\rationalfield.py first seen with mtime 1718278175.7767315
File C:\Users\USER\Documents\Git\inverter_project\venv\Lib\site-packages\sympy\ntheory\ecm.py first seen with mtime 1718278173.5029159
File C:\Users\USER\Documents\Git\inverter_project\venv\Lib\site-packages\sympy\polys\agca\ideals.py first seen with mtime 1718278175.529267
File C:\Users\USER\Documents\Git\inverter_project\venv\Lib\site-packages\django\template\defaulttags.py first seen with mtime 1718021032.936563
File C:\Users\USER\Documents\Git\inverter_project\venv\Lib\site-packages\mpmath\matrices\eigen.py first seen with mtime 1718278155.2222178
File C:\Users\USER\Documents\Git\inverter_project\venv\Lib\site-packages\django\views\generic\detail.py first seen with mtime 1718021033.2981045
File C:\Python39\Lib\ssl.py first seen with mtime 1630352126.0
File C:\Users\USER\Documents\Git\inverter_project\venv\Lib\site-packages\sympy\series\order.py first seen with mtime 1718278177.1132324
File C:\Users\USER\Documents\Git\inverter_project\venv\Lib\site-packages\sympy\printing\precedence.py first seen with mtime 1718278176.6022925
File C:\Users\USER\Documents\Git\inverter_project\venv\Lib\site-packages\django\contrib\contenttypes\fields.py first seen with mtime 1718021009.0092888
File C:\Users\USER\Documents\Git\inverter_project\venv\Lib\site-packages\django\core\cache\backends\filebased.py first seen with mtime 1718021030.8195941
File C:\Python39\DLLs\_uuid.pyd first seen with mtime 1630352202.0
File C:\Users\USER\Documents\Git\inverter_project\venv\Lib\site-packages\jinja2\utils.py first seen with mtime 1718362995.8194275
File C:\Users\USER\Documents\Git\inverter_project\venv\Lib\site-packages\django\utils\formats.py first seen with mtime 1718021033.1319995
File C:\Users\USER\Documents\Git\inverter_project\venv\Lib\site-packages\sympy\core\rules.py first seen with mtime 1718278171.4457421
File C:\Users\USER\Documents\Git\inverter_project\venv\Lib\site-packages\django\template\library.py first seen with mtime 1718021032.9425082
File C:\Users\USER\Documents\Git\inverter_project\venv\Lib\site-packages\mpmath\libmp\libelefun.py first seen with mtime 1718278155.2031784
File C:\Users\USER\Documents\Git\inverter_project\venv\Lib\site-packages\sympy\core\singleton.py first seen with mtime 1718278171.4487436
File C:\Users\USER\Documents\Git\inverter_project\venv\Lib\site-packages\sympy\calculus\euler.py first seen with mtime 1718278163.6855848
File C:\Users\USER\Documents\Git\inverter_project\venv\Lib\site-packages\sympy\matrices\__init__.py first seen with mtime 1718278172.9141884
File C:\Python39\DLLs\_socket.pyd first seen with mtime 1630352204.0
File C:\Users\USER\Documents\Git\inverter_project\venv\Lib\site-packages\sympy\printing\defaults.py first seen with mtime 1718278176.5212438
File C:\Users\USER\Documents\Git\inverter_project\venv\Lib\site-packages\rest_framework\apps.py first seen with mtime 1717948581.070707
File C:\Users\USER\Documents\Git\inverter_project\venv\Lib\site-packages\drf_yasg\inspectors\base.py first seen with mtime 1718364128.1207635
File C:\Users\USER\Documents\Git\inverter_project\venv\Lib\site-packages\sympy\functions\special\tensor_functions.py first seen with mtime 1718278172.2331016
File C:\Users\USER\Documents\Git\inverter_project\inverter_project\inverter_project\settings\prod.py first seen with mtime 1729184186.5575922
File C:\Python39\Lib\http\cookies.py first seen with mtime 1630352124.0
File C:\Users\USER\Documents\Git\inverter_project\venv\Lib\site-packages\sympy\polys\domains\mpelements.py first seen with mtime 1718278175.731575
File C:\Python39\Lib\struct.py first seen with mtime 1630352126.0
File C:\Users\USER\Documents\Git\inverter_project\venv\Lib\site-packages\django\contrib\contenttypes\admin.py first seen with mtime 1718021008.9892828
File C:\Users\USER\Documents\Git\inverter_project\venv\Lib\site-packages\django\db\models\sql\__init__.py first seen with mtime 1718021032.5216615
File C:\Users\USER\Documents\Git\inverter_project\venv\Lib\site-packages\django\urls\utils.py first seen with mtime 1718021033.083008
File C:\Users\USER\Documents\Git\inverter_project\venv\Lib\site-packages\sympy\integrals\meijerint.py first seen with mtime 1718278172.4344566
File C:\Users\USER\Documents\Git\inverter_project\venv\Lib\site-packages\sympy\matrices\decompositions.py first seen with mtime 1718278172.9221902
File C:\Users\USER\Documents\Git\inverter_project\venv\Lib\site-packages\django\template\loader.py first seen with mtime 1718021032.9550395
File C:\Users\USER\Documents\Git\inverter_project\venv\Lib\site-packages\pkg_resources\_vendor\packaging\requirements.py first seen with mtime 1717947458.5044
File C:\Users\USER\Documents\Git\inverter_project\venv\Lib\site-packages\django\core\management\__init__.py first seen with mtime 1718021030.9429932
File C:\Users\USER\Documents\Git\inverter_project\venv\Lib\site-packages\idna\idnadata.py first seen with mtime 1718362992.2758846
File C:\Users\USER\Documents\Git\inverter_project\venv\Lib\site-packages\requests\adapters.py first seen with mtime 1718362994.7672184
File C:\Users\USER\Documents\Git\inverter_project\venv\Lib\site-packages\django\core\wsgi.py first seen with mtime 1718021030.7969048
File C:\Users\USER\Documents\Git\inverter_project\venv\Lib\site-packages\coreschema\encodings\__init__.py first seen with mtime 1718362997.6705992
File C:\Users\USER\Documents\Git\inverter_project\venv\Lib\site-packages\click\_compat.py first seen with mtime 1718720817.2366617
File C:\Users\USER\Documents\Git\inverter_project\venv\Lib\site-packages\sympy\polys\agca\__init__.py first seen with mtime 1718278175.523183
File C:\Users\USER\Documents\Git\inverter_project\venv\Lib\site-packages\sympy\sets\handlers\union.py first seen with mtime 1718278179.6811109
File C:\Users\USER\Documents\Git\inverter_project\venv\Lib\site-packages\mpmath\matrices\eigen_symmetric.py first seen with mtime 1718278155.2222178
File C:\Users\USER\Documents\Git\inverter_project\venv\Lib\site-packages\sympy\polys\domains\finitefield.py first seen with mtime 1718278175.711574
File C:\Users\USER\Documents\Git\inverter_project\venv\Lib\site-packages\django\contrib\admin\views\decorators.py first seen with mtime 1718021005.433745
File C:\Users\USER\Documents\Git\inverter_project\venv\Lib\site-packages\django\db\models\sql\query.py first seen with mtime 1718021032.5458412
File C:\Users\USER\Documents\Git\inverter_project\venv\Lib\site-packages\django\db\backends\postgresql\client.py first seen with mtime 1718021032.2904787
File C:\Users\USER\Documents\Git\inverter_project\venv\Lib\site-packages\django\core\handlers\exception.py first seen with mtime 1718021030.9146082
File C:\Users\USER\Documents\Git\inverter_project\venv\Lib\site-packages\sympy\polys\domains\__init__.py first seen with mtime 1718278175.6855395
File C:\Users\USER\Documents\Git\inverter_project\venv\Lib\site-packages\django\views\decorators\cache.py first seen with mtime 1718021033.2543871
File C:\Python39\Lib\plistlib.py first seen with mtime 1630352126.0
File C:\Users\USER\Documents\Git\inverter_project\venv\Lib\site-packages\sympy\sets\ordinals.py first seen with mtime 1718278177.3067825
File C:\Users\USER\Documents\Git\inverter_project\venv\Lib\site-packages\yaml\parser.py first seen with mtime 1718362168.9849007
File C:\Python39\Lib\concurrent\futures\__init__.py first seen with mtime 1630352124.0
File C:\Users\USER\Documents\Git\inverter_project\venv\Lib\site-packages\django\core\checks\messages.py first seen with mtime 1718021030.8392556
File C:\Python39\Lib\urllib\__init__.py first seen with mtime 1630352126.0
File C:\Users\USER\Documents\Git\inverter_project\venv\Lib\site-packages\django\utils\http.py first seen with mtime 1718021033.1413727
File C:\Users\USER\Documents\Git\inverter_project\venv\Lib\site-packages\django\contrib\admin\__init__.py first seen with mtime 1718021002.1835423
File C:\Python39\Lib\asyncio\log.py first seen with mtime 1630352124.0
File C:\Users\USER\Documents\Git\inverter_project\venv\Lib\site-packages\django\utils\regex_helper.py first seen with mtime 1718021033.1617277
File C:\Users\USER\Documents\Git\inverter_project\venv\Lib\site-packages\psycopg2\extras.py first seen with mtime 1718705950.5060089
File C:\Python39\Lib\http\server.py first seen with mtime 1630352124.0
File C:\Users\USER\Documents\Git\inverter_project\venv\Lib\site-packages\django\core\checks\database.py first seen with mtime 1718021030.83526
File C:\Users\USER\Documents\Git\inverter_project\venv\Lib\site-packages\rest_framework\request.py first seen with mtime 1717948581.3146105
File C:\Users\USER\Documents\Git\inverter_project\venv\Lib\site-packages\simplejson\encoder.py first seen with mtime 1718362989.9378588
File C:\Python39\Lib\lzma.py first seen with mtime 1630352124.0
File C:\Users\USER\Documents\Git\inverter_project\venv\Lib\site-packages\sympy\strategies\traverse.py first seen with mtime 1718278181.2836697
File C:\Users\USER\Documents\Git\inverter_project\venv\Lib\site-packages\sympy\assumptions\relation\binrel.py first seen with mtime 1718278163.350944
File C:\Users\USER\Documents\Git\inverter_project\venv\Lib\site-packages\django\contrib\messages\constants.py first seen with mtime 1718021020.8804877
File C:\Users\USER\Documents\Git\inverter_project\venv\Lib\site-packages\sympy\algebras\quaternion.py first seen with mtime 1718278163.2066035
File C:\Python39\Lib\dis.py first seen with mtime 1630352124.0
File C:\Users\USER\Documents\Git\inverter_project\venv\Lib\site-packages\sympy\polys\compatibility.py first seen with mtime 1718278175.3487024
File C:\Users\USER\Documents\Git\inverter_project\venv\Lib\site-packages\sqlparse\tokens.py first seen with mtime 1717948325.7703288
File C:\Users\USER\Documents\Git\inverter_project\venv\Lib\site-packages\django\contrib\auth\base_user.py first seen with mtime 1718021007.8969076
File C:\Users\USER\Documents\Git\inverter_project\venv\Lib\site-packages\django\contrib\auth\middleware.py first seen with mtime 1718021007.9169066
File C:\Users\USER\Documents\Git\inverter_project\venv\Lib\site-packages\django\contrib\postgres\forms\ranges.py first seen with mtime 1718021021.0120814
File C:\Users\USER\Documents\Git\inverter_project\venv\Lib\site-packages\django\db\migrations\operations\fields.py first seen with mtime 1718021032.3857563
File C:\Users\USER\Documents\Git\inverter_project\venv\Lib\site-packages\django\template\loaders\filesystem.py first seen with mtime 1718021033.0001504
File C:\Users\USER\Documents\Git\inverter_project\venv\Lib\site-packages\requests\models.py first seen with mtime 1718362994.8579252
File C:\Users\USER\Documents\Git\inverter_project\venv\Lib\site-packages\django\core\files\move.py first seen with mtime 1718021030.8828864
File C:\Users\USER\Documents\Git\inverter_project\venv\Lib\site-packages\requests\status_codes.py first seen with mtime 1718362994.8649232
File C:\Users\USER\Documents\Git\inverter_project\inverter_project\power_calculator\__init__.py first seen with mtime 1717948652.3833642
File C:\Users\USER\Documents\Git\inverter_project\venv\Lib\site-packages\django\contrib\contenttypes\management\__init__.py first seen with mtime 1718021017.1433194
File C:\Users\USER\Documents\Git\inverter_project\venv\Lib\site-packages\rest_framework\exceptions.py first seen with mtime 1717948581.2033315
File C:\Users\USER\Documents\Git\inverter_project\venv\Lib\site-packages\yaml\reader.py first seen with mtime 1718362169.0145094
File C:\Users\USER\Documents\Git\inverter_project\venv\Lib\site-packages\django\db\backends\ddl_references.py first seen with mtime 1718021031.1120172
File C:\Users\USER\Documents\Git\inverter_project\venv\Lib\site-packages\pygments\plugin.py first seen with mtime 1729175977.63243
File C:\Users\USER\Documents\Git\inverter_project\venv\Lib\site-packages\django\db\models\functions\datetime.py first seen with mtime 1718021032.5084155
File C:\Users\USER\Documents\Git\inverter_project\venv\Lib\site-packages\sympy\tensor\array\ndim_array.py first seen with mtime 1718278181.4144177
File C:\Users\USER\Documents\Git\inverter_project\venv\Lib\site-packages\sympy\printing\latex.py first seen with mtime 1718278176.54525
File C:\Users\USER\Documents\Git\inverter_project\venv\Lib\site-packages\coreapi\codecs\download.py first seen with mtime 1718362998.109631
File C:\Users\USER\Documents\Git\inverter_project\venv\Lib\site-packages\sqlparse\filters\output.py first seen with mtime 1717948325.8317976
File C:\Users\USER\Documents\Git\inverter_project\venv\Lib\site-packages\sympy\functions\elementary\exponential.py first seen with mtime 1718278172.1407335
File C:\Users\USER\Documents\Git\inverter_project\venv\Lib\site-packages\drf_yasg\inspectors\__init__.py first seen with mtime 1718364128.117762
File C:\Users\USER\Documents\Git\inverter_project\venv\Lib\site-packages\sympy\printing\tableform.py first seen with mtime 1718278176.6294732
File C:\Python39\Lib\string.py first seen with mtime 1630352126.0
File C:\Users\USER\Documents\Git\inverter_project\venv\Lib\site-packages\sympy\polys\numberfields\primes.py first seen with mtime 1718278176.1092446
File C:\Users\USER\Documents\Git\inverter_project\venv\Lib\site-packages\urllib3\poolmanager.py first seen with mtime 1718362986.6862094
File C:\Users\USER\Documents\Git\inverter_project\venv\Lib\site-packages\sympy\solvers\ode\ode.py first seen with mtime 1718278180.7289388
File C:\Users\USER\Documents\Git\inverter_project\venv\Lib\site-packages\urllib3\response.py first seen with mtime 1718362986.696213
File C:\Users\USER\Documents\Git\inverter_project\venv\Lib\site-packages\sympy\polys\densebasic.py first seen with mtime 1718278175.3567045
File C:\Python39\Lib\asyncio\staggered.py first seen with mtime 1630352124.0
File C:\Users\USER\Documents\Git\inverter_project\inverter_project\api\urls.py first seen with mtime 1720191088.8815606
File C:\Users\USER\Documents\Git\inverter_project\venv\Lib\site-packages\jinja2\defaults.py first seen with mtime 1718362995.7786493
File C:\Users\USER\Documents\Git\inverter_project\venv\Lib\site-packages\django\views\generic\list.py first seen with mtime 1718021033.3027337
File C:\Users\USER\Documents\Git\inverter_project\venv\Lib\site-packages\rest_framework\authentication.py first seen with mtime 1717948581.1018856
File C:\Users\USER\Documents\Git\inverter_project\venv\Lib\site-packages\django\utils\log.py first seen with mtime 1718021033.152372
File C:\Python39\Lib\tempfile.py first seen with mtime 1630352126.0
File C:\Users\USER\Documents\Git\inverter_project\venv\Lib\site-packages\markupsafe\__init__.py first seen with mtime 1718362992.0445478
File C:\Users\USER\Documents\Git\inverter_project\venv\Lib\site-packages\sympy\functions\special\polynomials.py first seen with mtime 1718278172.2230978
File C:\Users\USER\Documents\Git\inverter_project\venv\Lib\site-packages\django\utils\autoreload.py first seen with mtime 1718021033.0930078
File C:\Users\USER\Documents\Git\inverter_project\venv\Lib\site-packages\django\template\backends\django.py first seen with mtime 1718021032.9711983
File C:\Users\USER\Documents\Git\inverter_project\venv\Lib\site-packages\django\contrib\auth\forms.py first seen with mtime 1718021007.9169066
File C:\Users\USER\Documents\Git\inverter_project\venv\Lib\site-packages\rest_framework\status.py first seen with mtime 1717948581.354607
File C:\Python39\DLLs\unicodedata.pyd first seen with mtime 1630352204.0
File C:\Python39\Lib\unittest\loader.py first seen with mtime 1630352126.0
File C:\Python39\Lib\_bootlocale.py first seen with mtime 1630352124.0
File C:\Users\USER\Documents\Git\inverter_project\venv\Lib\site-packages\sympy\matrices\expressions\__init__.py first seen with mtime 1718278173.0584166
File C:\Users\USER\Documents\Git\inverter_project\venv\Lib\site-packages\sympy\functions\elementary\integers.py first seen with mtime 1718278172.1457362
File C:\Users\USER\Documents\Git\inverter_project\venv\Lib\site-packages\sympy\functions\special\beta_functions.py first seen with mtime 1718278172.2032075
File C:\Users\USER\Documents\Git\inverter_project\venv\Lib\site-packages\django\contrib\sessions\__init__.py first seen with mtime 1718021022.302052
File C:\Users\USER\Documents\Git\inverter_project\venv\Lib\site-packages\django\core\cache\utils.py first seen with mtime 1718021030.801596
File C:\Users\USER\Documents\Git\inverter_project\venv\Lib\site-packages\django\core\serializers\json.py first seen with mtime 1718021031.0879478
File C:\Users\USER\Documents\Git\inverter_project\venv\Lib\site-packages\django\contrib\auth\backends.py first seen with mtime 1718021007.8969076
File C:\Users\USER\Documents\Git\inverter_project\venv\Lib\site-packages\django\contrib\staticfiles\checks.py first seen with mtime 1718021030.7327626
File C:\Users\USER\Documents\Git\inverter_project\venv\Lib\site-packages\django\core\files\storage\filesystem.py first seen with mtime 1718021030.8996072
File C:\Users\USER\Documents\Git\inverter_project\venv\Lib\site-packages\coreapi\__init__.py first seen with mtime 1718362998.0831761
File C:\Users\USER\Documents\Git\inverter_project\venv\Lib\site-packages\django\utils\version.py first seen with mtime 1718021033.214255
File C:\Users\USER\Documents\Git\inverter_project\venv\Lib\site-packages\django\db\migrations\operations\special.py first seen with mtime 1718021032.389759
File C:\Users\USER\Documents\Git\inverter_project\venv\Lib\site-packages\django\http\multipartparser.py first seen with mtime 1718021032.8853955
File C:\Users\USER\Documents\Git\inverter_project\venv\Lib\site-packages\django\db\models\functions\math.py first seen with mtime 1718021032.510414
File C:\Python39\Lib\quopri.py first seen with mtime 1630352126.0
File C:\Python39\Lib\unittest\__init__.py first seen with mtime 1630352126.0
File C:\Users\USER\Documents\Git\inverter_project\venv\Lib\site-packages\pytz\tzfile.py first seen with mtime 1718364120.5048745
File C:\Python39\DLLs\pyexpat.pyd first seen with mtime 1630352204.0
File C:\Users\USER\Documents\Git\inverter_project\venv\Lib\site-packages\sympy\ntheory\continued_fraction.py first seen with mtime 1718278173.4968748
File C:\Users\USER\Documents\Git\inverter_project\venv\Lib\site-packages\rest_framework\schemas\inspectors.py first seen with mtime 1717948584.0282953
File C:\Users\USER\Documents\Git\inverter_project\venv\Lib\site-packages\sympy\functions\special\__init__.py first seen with mtime 1718278172.198215
File C:\Users\USER\Documents\Git\inverter_project\venv\Lib\site-packages\sympy\printing\rcode.py first seen with mtime 1718278176.6149137
File C:\Users\USER\Documents\Git\inverter_project\venv\Lib\site-packages\mpmath\functions\factorials.py first seen with mtime 1718278155.1791806
File C:\Users\USER\Documents\Git\inverter_project\venv\Lib\site-packages\sympy\functions\elementary\complexes.py first seen with mtime 1718278172.1380298
File C:\Users\USER\Documents\Git\inverter_project\venv\Lib\site-packages\sympy\logic\boolalg.py first seen with mtime 1718278172.8861866
File C:\Users\USER\Documents\Git\inverter_project\venv\Lib\site-packages\yaml\serializer.py first seen with mtime 1718362169.1331065
File C:\Users\USER\Documents\Git\inverter_project\venv\Lib\site-packages\pkg_resources\_vendor\packaging\markers.py first seen with mtime 1717947458.5044
File C:\Users\USER\Documents\Git\inverter_project\venv\Lib\site-packages\mpmath\functions\orthogonal.py first seen with mtime 1718278155.1831746
File C:\Users\USER\Documents\Git\inverter_project\venv\Lib\site-packages\sympy\external\__init__.py first seen with mtime 1718278172.0830812
File C:\Users\USER\Documents\Git\inverter_project\venv\Lib\site-packages\yaml\loader.py first seen with mtime 1718362168.827143
File C:\Python39\Lib\fnmatch.py first seen with mtime 1630352124.0
File C:\Users\USER\Documents\Git\inverter_project\venv\Lib\site-packages\rest_framework\schemas\views.py first seen with mtime 1717948584.2483196
File C:\Users\USER\Documents\Git\inverter_project\venv\Lib\site-packages\sympy\ntheory\qs.py first seen with mtime 1718278173.5330749
File C:\Users\USER\Documents\Git\inverter_project\venv\Lib\site-packages\sympy\core\traversal.py first seen with mtime 1718278171.4607434
File C:\Users\USER\Documents\Git\inverter_project\venv\Lib\site-packages\corsheaders\conf.py first seen with mtime 1719161005.5473206
File C:\Python39\Lib\logging\config.py first seen with mtime 1630352124.0
File C:\Users\USER\Documents\Git\inverter_project\venv\Lib\site-packages\pkg_resources\extern\__init__.py first seen with mtime 1717947458.5139763
File C:\Users\USER\Documents\Git\inverter_project\venv\Lib\site-packages\sympy\calculus\__init__.py first seen with mtime 1718278163.6775935
File C:\Users\USER\Documents\Git\inverter_project\venv\Lib\site-packages\urllib3\util\timeout.py first seen with mtime 1718362986.796486
File C:\Users\USER\Documents\Git\inverter_project\venv\Lib\site-packages\jazzmin\apps.py first seen with mtime 1718021114.5268147
File C:\Users\USER\Documents\Git\inverter_project\venv\Lib\site-packages\sympy\polys\domains\ring.py first seen with mtime 1718278175.7767315
File C:\Users\USER\Documents\Git\inverter_project\venv\Lib\site-packages\yaml\__init__.py first seen with mtime 1718362168.774537
File C:\Users\USER\Documents\Git\inverter_project\venv\Lib\site-packages\sympy\concrete\gosper.py first seen with mtime 1718278170.849061
File C:\Python39\Lib\asyncio\trsock.py first seen with mtime 1630352124.0
File C:\Users\USER\Documents\Git\inverter_project\venv\Lib\site-packages\urllib3\util\wait.py first seen with mtime 1718362986.8052793
File C:\Users\USER\Documents\Git\inverter_project\venv\Lib\site-packages\django\utils\text.py first seen with mtime 1718021033.2027235
File C:\Users\USER\Documents\Git\inverter_project\venv\Lib\site-packages\pygments\styles\_mapping.py first seen with mtime 1729175978.978879
File C:\Users\USER\Documents\Git\inverter_project\venv\Lib\site-packages\requests\utils.py first seen with mtime 1718362994.8689246
File C:\Users\USER\Documents\Git\inverter_project\venv\Lib\site-packages\sympy\core\mul.py first seen with mtime 1718278171.4230323
File C:\Users\USER\Documents\Git\inverter_project\venv\Lib\site-packages\django\core\__init__.py first seen with mtime 1718021030.7819033
File C:\Users\USER\Documents\Git\inverter_project\venv\Lib\site-packages\django\views\generic\base.py first seen with mtime 1718021033.2871046
File C:\Users\USER\Documents\Git\inverter_project\venv\Lib\site-packages\mpmath\identification.py first seen with mtime 1718278155.1354024
File C:\Users\USER\Documents\Git\inverter_project\venv\Lib\site-packages\pygments\modeline.py first seen with mtime 1729175977.6304278
File C:\Users\USER\Documents\Git\inverter_project\venv\Lib\site-packages\sympy\polys\polyfuncs.py first seen with mtime 1718278175.4770067
File C:\Users\USER\Documents\Git\inverter_project\venv\Lib\site-packages\mpmath\libmp\libintmath.py first seen with mtime 1718278155.2102323
File C:\Users\USER\Documents\Git\inverter_project\venv\Lib\site-packages\yaml\error.py first seen with mtime 1718362168.8033543
File C:\Users\USER\Documents\Git\inverter_project\venv\Lib\site-packages\sympy\polys\domains\characteristiczero.py first seen with mtime 1718278175.6935265
File C:\Users\USER\Documents\Git\inverter_project\venv\Lib\site-packages\sympy\printing\pretty\stringpict.py first seen with mtime 1718278176.6520987
File C:\Python39\DLLs\_asyncio.pyd first seen with mtime 1630352202.0
File C:\Users\USER\Documents\Git\inverter_project\venv\Lib\site-packages\sympy\printing\dot.py first seen with mtime 1718278176.5252514
File C:\Users\USER\Documents\Git\inverter_project\venv\Lib\site-packages\django\contrib\admindocs\views.py first seen with mtime 1718021005.4737377
File C:\Users\USER\Documents\Git\inverter_project\venv\Lib\site-packages\django\utils\topological_sort.py first seen with mtime 1718021033.2102592
File C:\Users\USER\Documents\Git\inverter_project\venv\Lib\site-packages\sympy\integrals\trigonometry.py first seen with mtime 1718278172.4833903
File C:\Users\USER\Documents\Git\inverter_project\venv\Lib\site-packages\pygments\filter.py first seen with mtime 1729175977.6224308
File C:\Users\USER\Documents\Git\inverter_project\venv\Lib\site-packages\sympy\polys\polyclasses.py first seen with mtime 1718278175.469006
File C:\Python39\Lib\sre_parse.py first seen with mtime 1630352126.0
File C:\Users\USER\Documents\Git\inverter_project\venv\Lib\site-packages\drf_yasg\utils.py first seen with mtime 1718364128.100074
File C:\Python39\Lib\asyncio\locks.py first seen with mtime 1630352124.0
File C:\Users\USER\Documents\Git\inverter_project\venv\Lib\site-packages\sympy\simplify\hyperexpand.py first seen with mtime 1718278180.5152018
File C:\Users\USER\Documents\Git\inverter_project\venv\Lib\site-packages\sympy\multipledispatch\conflict.py first seen with mtime 1718278173.3686113
File C:\Users\USER\Documents\Git\inverter_project\venv\Lib\site-packages\sympy\polys\domains\fractionfield.py first seen with mtime 1718278175.711574
File C:\Users\USER\Documents\Git\inverter_project\venv\Lib\site-packages\sympy\polys\monomials.py first seen with mtime 1718278175.457008
File C:\Users\USER\Documents\Git\inverter_project\venv\Lib\site-packages\uritemplate\__init__.py first seen with mtime 1718362517.3060305
File C:\Users\USER\Documents\Git\inverter_project\venv\Lib\site-packages\sympy\plotting\intervalmath\interval_arithmetic.py first seen with mtime 1718278175.0802388
File C:\Users\USER\Documents\Git\inverter_project\venv\Lib\site-packages\sympy\ntheory\factor_.py first seen with mtime 1718278173.5190346
File C:\Users\USER\Documents\Git\inverter_project\venv\Lib\site-packages\django\views\decorators\debug.py first seen with mtime 1718021033.2628388
File C:\Users\USER\Documents\Git\inverter_project\venv\Lib\site-packages\django\middleware\cache.py first seen with mtime 1718021032.8933957
File C:\Python39\Lib\ntpath.py first seen with mtime 1630352126.0
File C:\Users\USER\Documents\Git\inverter_project\venv\Lib\site-packages\django\utils\termcolors.py first seen with mtime 1718021033.1813605
File C:\Users\USER\Documents\Git\inverter_project\venv\Lib\site-packages\click\_winconsole.py first seen with mtime 1718720817.2476711
File C:\Users\USER\Documents\Git\inverter_project\venv\Lib\site-packages\sympy\polys\densearith.py first seen with mtime 1718278175.3527067
File C:\Users\USER\Documents\Git\inverter_project\venv\Lib\site-packages\sqlparse\sql.py first seen with mtime 1717948325.7603276
File C:\Users\USER\Documents\Git\inverter_project\venv\Lib\site-packages\sympy\solvers\ode\lie_group.py first seen with mtime 1718278180.7249403
File C:\Users\USER\Documents\Git\inverter_project\venv\Lib\site-packages\mpmath\functions\expintegrals.py first seen with mtime 1718278155.1751745
File C:\Users\USER\Documents\Git\inverter_project\venv\Lib\site-packages\sympy\matrices\expressions\diagonal.py first seen with mtime 1718278173.07842
File C:\Users\USER\Documents\Git\inverter_project\venv\Lib\site-packages\sympy\printing\pretty\__init__.py first seen with mtime 1718278176.645475
File C:\Users\USER\Documents\Git\inverter_project\venv\Lib\site-packages\django\utils\numberformat.py first seen with mtime 1718021033.159735
File C:\Users\USER\Documents\Git\inverter_project\venv\Lib\site-packages\click\decorators.py first seen with mtime 1718720817.262669
File C:\Users\USER\Documents\Git\inverter_project\venv\Lib\site-packages\django\utils\html.py first seen with mtime 1718021033.139372
File C:\Users\USER\Documents\Git\inverter_project\venv\Lib\site-packages\sympy\ntheory\generate.py first seen with mtime 1718278173.5210729
File C:\Users\USER\Documents\Git\inverter_project\venv\Lib\site-packages\django\core\mail\utils.py first seen with mtime 1718021030.923811
File C:\Users\USER\Documents\Git\inverter_project\venv\Lib\site-packages\django\core\checks\registry.py first seen with mtime 1718021030.8442545
File C:\Users\USER\Documents\Git\inverter_project\venv\Lib\site-packages\sympy\core\parameters.py first seen with mtime 1718278171.4350288
File C:\Users\USER\Documents\Git\inverter_project\venv\Lib\site-packages\rest_framework\response.py first seen with mtime 1717948581.3246195
File C:\Users\USER\Documents\Git\inverter_project\venv\Lib\site-packages\django\contrib\admin\apps.py first seen with mtime 1718021002.2035403
File C:\Users\USER\Documents\Git\inverter_project\venv\Lib\site-packages\sympy\polys\partfrac.py first seen with mtime 1718278175.4650073
File C:\Users\USER\Documents\Git\inverter_project\venv\Lib\site-packages\django\contrib\postgres\utils.py first seen with mtime 1718021020.953973
File C:\Users\USER\Documents\Git\inverter_project\venv\Lib\site-packages\django\db\backends\base\introspection.py first seen with mtime 1718021032.1720977
File C:\Users\USER\Documents\Git\inverter_project\venv\Lib\site-packages\sympy\functions\special\zeta_functions.py first seen with mtime 1718278172.240335
File C:\Users\USER\Documents\Git\inverter_project\venv\Lib\site-packages\certifi\__init__.py first seen with mtime 1718362994.435022
File C:\Users\USER\Documents\Git\inverter_project\venv\Lib\site-packages\django\dispatch\__init__.py first seen with mtime 1718021032.5529857
File C:\Users\USER\Documents\Git\inverter_project\venv\Lib\site-packages\mpmath\calculus\odes.py first seen with mtime 1718278155.1591766
File C:\Users\USER\Documents\Git\inverter_project\venv\Lib\site-packages\sympy\integrals\__init__.py first seen with mtime 1718278172.406031
File C:\Users\USER\Documents\Git\inverter_project\venv\Lib\site-packages\sympy\strategies\branch\core.py first seen with mtime 1718278181.2941966
File C:\Users\USER\Documents\Git\inverter_project\venv\Lib\site-packages\mpmath\calculus\quadrature.py first seen with mtime 1718278155.1631782
File C:\Users\USER\Documents\Git\inverter_project\venv\Lib\site-packages\pygments\formatter.py first seen with mtime 1729175977.625428
File C:\Users\USER\Documents\Git\inverter_project\venv\Lib\site-packages\yaml\resolver.py first seen with mtime 1718362169.1281073
File C:\Users\USER\Documents\Git\inverter_project\venv\Lib\site-packages\sympy\functions\special\delta_functions.py first seen with mtime 1718278172.2082093
File C:\Users\USER\Documents\Git\inverter_project\venv\Lib\site-packages\mpmath\functions\elliptic.py first seen with mtime 1718278155.1711798
File C:\Users\USER\Documents\Git\inverter_project\venv\Lib\site-packages\sympy\polys\orthopolys.py first seen with mtime 1718278175.4650073
File C:\Users\USER\Documents\Git\inverter_project\venv\Lib\site-packages\django\contrib\messages\utils.py first seen with mtime 1718021020.8873997
File C:\Users\USER\Documents\Git\inverter_project\venv\Lib\site-packages\jinja2\parser.py first seen with mtime 1718362995.8094296
File C:\Users\USER\Documents\Git\inverter_project\venv\Lib\site-packages\django\forms\models.py first seen with mtime 1718021032.5723891
File C:\Users\USER\Documents\Git\inverter_project\venv\Lib\site-packages\django\db\models\fields\__init__.py first seen with mtime 1718021032.4688952
File C:\Users\USER\Documents\Git\inverter_project\venv\Lib\site-packages\sympy\printing\maple.py first seen with mtime 1718278176.5498085
File C:\Users\USER\Documents\Git\inverter_project\venv\Lib\site-packages\django\contrib\auth\validators.py first seen with mtime 1718021007.9469085
File C:\Users\USER\Documents\Git\inverter_project\venv\Lib\site-packages\sympy\plotting\__init__.py first seen with mtime 1718278175.0642333
File C:\Users\USER\Documents\Git\inverter_project\venv\Lib\site-packages\django\db\models\sql\datastructures.py first seen with mtime 1718021032.5428455
File C:\Users\USER\Documents\Git\inverter_project\venv\Lib\site-packages\coreapi\client.py first seen with mtime 1718362998.088176
File C:\Python39\Lib\asyncio\format_helpers.py first seen with mtime 1630352124.0
File C:\Users\USER\Documents\Git\inverter_project\venv\Lib\site-packages\sympy\ntheory\multinomial.py first seen with mtime 1718278173.5250735
File C:\Users\USER\Documents\Git\inverter_project\venv\Lib\site-packages\urllib3\util\request.py first seen with mtime 1718362986.7497344
File C:\Users\USER\Documents\Git\inverter_project\venv\Lib\site-packages\mpmath\functions\signals.py first seen with mtime 1718278155.187175
File C:\Users\USER\Documents\Git\inverter_project\venv\Lib\site-packages\rest_framework\templatetags\rest_framework.py first seen with mtime 1717948590.564151
File C:\Python39\Lib\html\entities.py first seen with mtime 1630352124.0
File C:\Users\USER\Documents\Git\inverter_project\venv\Lib\site-packages\yaml\scanner.py first seen with mtime 1718362169.131114
File C:\Python39\Lib\email\headerregistry.py first seen with mtime 1630352124.0
File C:\Users\USER\Documents\Git\inverter_project\venv\Lib\site-packages\django\template\exceptions.py first seen with mtime 1718021032.9405105
File C:\Users\USER\Documents\Git\inverter_project\venv\Lib\site-packages\sympy\polys\domains\pythonintegerring.py first seen with mtime 1718278175.7452235
File C:\Users\USER\Documents\Git\inverter_project\venv\Lib\site-packages\charset_normalizer\legacy.py first seen with mtime 1718362993.1841042
File C:\Users\USER\Documents\Git\inverter_project\venv\Lib\site-packages\rest_framework\renderers.py first seen with mtime 1717948581.3146105
File C:\Users\USER\Documents\Git\inverter_project\venv\Lib\site-packages\django\urls\base.py first seen with mtime 1718021033.0716195
File C:\Python39\Lib\sre_constants.py first seen with mtime 1630352126.0
File C:\Users\USER\Documents\Git\inverter_project\venv\Lib\site-packages\charset_normalizer\__init__.py first seen with mtime 1718362993.1721003
File C:\Python39\Lib\importlib\_common.py first seen with mtime 1630352124.0
File C:\Users\USER\Documents\Git\inverter_project\venv\Lib\site-packages\django\templatetags\__init__.py first seen with mtime 1718021033.0048018
File C:\Users\USER\Documents\Git\inverter_project\venv\Lib\site-packages\django\core\files\uploadedfile.py first seen with mtime 1718021030.8868866
File C:\Users\USER\Documents\Git\inverter_project\venv\Lib\site-packages\sympy\integrals\singularityfunctions.py first seen with mtime 1718278172.4793956
File C:\Users\USER\Documents\Git\inverter_project\venv\Lib\site-packages\django\contrib\admin\templatetags\admin_urls.py first seen with mtime 1718021005.4237432
File C:\Users\USER\Documents\Git\inverter_project\venv\Lib\site-packages\django\contrib\postgres\fields\utils.py first seen with mtime 1718021020.9792047
File C:\Users\USER\Documents\Git\inverter_project\inverter_project\api\models.py first seen with mtime 1718026081.1836274
File C:\Users\USER\Documents\Git\inverter_project\venv\Lib\site-packages\sympy\printing\str.py first seen with mtime 1718278176.6254919
File C:\Users\USER\Documents\Git\inverter_project\venv\Lib\site-packages\urllib3\util\proxy.py first seen with mtime 1718362986.7472897
File C:\Users\USER\Documents\Git\inverter_project\venv\Lib\site-packages\rest_framework\utils\__init__.py first seen with mtime 1717948590.7487042
File C:\Users\USER\Documents\Git\inverter_project\venv\Lib\site-packages\sympy\core\coreerrors.py first seen with mtime 1718278171.2925708
File C:\Users\USER\Documents\Git\inverter_project\venv\Lib\site-packages\django\contrib\admin\exceptions.py first seen with mtime 1718021002.243544
File C:\Python39\Lib\ast.py first seen with mtime 1630352124.0
File C:\Users\USER\Documents\Git\inverter_project\venv\Lib\site-packages\sympy\solvers\polysys.py first seen with mtime 1718278180.6766298
File C:\Users\USER\Documents\Git\inverter_project\venv\Lib\site-packages\sympy\geometry\curve.py first seen with mtime 1718278172.286442
File C:\Users\USER\Documents\Git\inverter_project\venv\Lib\site-packages\django\contrib\admin\filters.py first seen with mtime 1718021002.2535439
File C:\Python39\Lib\unittest\util.py first seen with mtime 1630352126.0
File C:\Users\USER\Documents\Git\inverter_project\venv\Lib\site-packages\urllib3\__init__.py first seen with mtime 1718362986.666214
File C:\Users\USER\Documents\Git\inverter_project\venv\Lib\site-packages\sympy\assumptions\ask_generated.py first seen with mtime 1718278163.2176008
File C:\Users\USER\Documents\Git\inverter_project\venv\Lib\site-packages\drf_yasg\inspectors\field.py first seen with mtime 1718364128.1227632
File C:\Users\USER\Documents\Git\inverter_project\venv\Lib\site-packages\sympy\utilities\memoization.py first seen with mtime 1718278182.040847
File C:\Users\USER\Documents\Git\inverter_project\venv\Lib\site-packages\coreschema\__init__.py first seen with mtime 1718362997.6605992
File C:\Users\USER\Documents\Git\inverter_project\venv\Lib\site-packages\django\views\static.py first seen with mtime 1718021033.249581
File C:\Users\USER\Documents\Git\inverter_project\venv\Lib\site-packages\jinja2\async_utils.py first seen with mtime 1718362995.760003
File C:\Users\USER\Documents\Git\inverter_project\venv\Lib\site-packages\sympy\core\relational.py first seen with mtime 1718278171.4437494
File C:\Users\USER\Documents\Git\inverter_project\venv\Lib\site-packages\django\template\loaders\base.py first seen with mtime 1718021032.9835274
File C:\Users\USER\Documents\Git\inverter_project\venv\Lib\site-packages\idna\core.py first seen with mtime 1718362992.2728815
File C:\Users\USER\Documents\Git\inverter_project\venv\Lib\site-packages\django\contrib\postgres\fields\hstore.py first seen with mtime 1718021020.9729702
File C:\Users\USER\Documents\Git\inverter_project\venv\Lib\site-packages\django\contrib\contenttypes\views.py first seen with mtime 1718021009.019282
File C:\Users\USER\Documents\Git\inverter_project\venv\Lib\site-packages\sympy\polys\orderings.py first seen with mtime 1718278175.4610054
File C:\Users\USER\Documents\Git\inverter_project\venv\Lib\site-packages\click\utils.py first seen with mtime 1718720817.3106668
File C:\Users\USER\Documents\Git\inverter_project\venv\Lib\site-packages\corsheaders\__init__.py first seen with mtime 1719161005.5413153
File C:\Python39\Lib\_markupbase.py first seen with mtime 1630352124.0
File C:\Users\USER\Documents\Git\inverter_project\venv\Lib\site-packages\asgiref\sync.py first seen with mtime 1717948331.4533966
File C:\Users\USER\Documents\Git\inverter_project\venv\Lib\site-packages\django\forms\formsets.py first seen with mtime 1718021032.56839
File C:\Users\USER\Documents\Git\inverter_project\venv\Lib\site-packages\sympy\core\sympify.py first seen with mtime 1718278171.4567482
File C:\Python39\Lib\asyncio\events.py first seen with mtime 1630352124.0
File C:\Users\USER\Documents\Git\inverter_project\venv\Lib\site-packages\sympy\matrices\subspaces.py first seen with mtime 1718278173.0464208
File C:\Python39\Lib\importlib\abc.py first seen with mtime 1630352124.0
File C:\Users\USER\Documents\Git\inverter_project\venv\Lib\site-packages\django\forms\utils.py first seen with mtime 1718021032.5884874
File C:\Users\USER\Documents\Git\inverter_project\venv\Lib\site-packages\sympy\matrices\expressions\slice.py first seen with mtime 1718278173.1428802
File C:\Users\USER\Documents\Git\inverter_project\venv\Lib\site-packages\sympy\printing\conventions.py first seen with mtime 1718278176.5212438
File C:\Users\USER\Documents\Git\inverter_project\venv\Lib\site-packages\requests\hooks.py first seen with mtime 1718362994.8455772
File C:\Users\USER\Documents\Git\inverter_project\venv\Lib\site-packages\requests\compat.py first seen with mtime 1718362994.804856
File C:\Users\USER\Documents\Git\inverter_project\venv\Lib\site-packages\django\contrib\auth\checks.py first seen with mtime 1718021007.906904
File C:\Users\USER\Documents\Git\inverter_project\venv\Lib\site-packages\sympy\solvers\ode\hypergeometric.py first seen with mtime 1718278180.720945
File C:\Users\USER\Documents\Git\inverter_project\venv\Lib\site-packages\sympy\core\assumptions.py first seen with mtime 1718278171.149007
File C:\Users\USER\Documents\Git\inverter_project\venv\Lib\site-packages\inflection\__init__.py first seen with mtime 1718362655.4876404
File C:\Users\USER\Documents\Git\inverter_project\venv\Lib\site-packages\django\db\models\__init__.py first seen with mtime 1718021032.3927572
File C:\Users\USER\Documents\Git\inverter_project\venv\Lib\site-packages\sympy\utilities\pkgdata.py first seen with mtime 1718278182.0488515
File C:\Users\USER\Documents\Git\inverter_project\venv\Lib\site-packages\rest_framework\settings.py first seen with mtime 1717948581.354607
File C:\Users\USER\Documents\Git\inverter_project\venv\Lib\site-packages\sympy\polys\numberfields\basis.py first seen with mtime 1718278176.053026
File C:\Users\USER\Documents\Git\inverter_project\venv\Lib\site-packages\sympy\external\importtools.py first seen with mtime 1718278172.0860806
File C:\Users\USER\Documents\Git\inverter_project\venv\Lib\site-packages\sympy\geometry\point.py first seen with mtime 1718278172.3036923
File C:\Python39\Lib\collections\abc.py first seen with mtime 1630352124.0
File C:\Users\USER\Documents\Git\inverter_project\venv\Lib\site-packages\django\db\models\options.py first seen with mtime 1718021032.4568956
File C:\Users\USER\Documents\Git\inverter_project\venv\Lib\site-packages\sympy\core\evalf.py first seen with mtime 1718278171.3201036
File C:\Users\USER\Documents\Git\inverter_project\venv\Lib\site-packages\sqlparse\engine\statement_splitter.py first seen with mtime 1717948325.822802
File C:\Users\USER\Documents\Git\inverter_project\venv\Lib\site-packages\sympy\functions\special\mathieu_functions.py first seen with mtime 1718278172.2211027
File C:\Users\USER\Documents\Git\inverter_project\venv\Lib\site-packages\sympy\solvers\recurr.py first seen with mtime 1718278180.6766298
File C:\Users\USER\Documents\Git\inverter_project\venv\Lib\site-packages\sympy\ntheory\partitions_.py first seen with mtime 1718278173.529079
File C:\Users\USER\Documents\Git\inverter_project\venv\Lib\site-packages\django\core\checks\files.py first seen with mtime 1718021030.8372595
File C:\Users\USER\Documents\Git\inverter_project\venv\Lib\site-packages\django\db\models\fields\related.py first seen with mtime 1718021032.489195
File C:\Users\USER\Documents\Git\inverter_project\venv\Lib\site-packages\sympy\solvers\ode\__init__.py first seen with mtime 1718278180.720945
File C:\Users\USER\Documents\Git\inverter_project\venv\Lib\site-packages\coreapi\transports\http.py first seen with mtime 1718362998.1236372
File C:\Python39\Lib\_compression.py first seen with mtime 1630352124.0
File C:\Users\USER\Documents\Git\inverter_project\venv\Lib\site-packages\requests\cookies.py first seen with mtime 1718362994.8068554
File C:\Users\USER\Documents\Git\inverter_project\venv\Lib\site-packages\uritemplate\api.py first seen with mtime 1718362517.3109586
File C:\Users\USER\Documents\Git\inverter_project\venv\Lib\site-packages\django\db\backends\postgresql\creation.py first seen with mtime 1718021032.292478
File C:\Users\USER\Documents\Git\inverter_project\venv\Lib\site-packages\django\template\loaders\cached.py first seen with mtime 1718021032.9855282
File C:\Users\USER\Documents\Git\inverter_project\venv\Lib\site-packages\django\db\models\query.py first seen with mtime 1718021032.4588945
File C:\Users\USER\Documents\Git\inverter_project\venv\Lib\site-packages\sympy\polys\heuristicgcd.py first seen with mtime 1718278175.4530053
File C:\Users\USER\Documents\Git\inverter_project\venv\Lib\site-packages\sympy\sets\contains.py first seen with mtime 1718278177.2947893
File C:\Users\USER\Documents\Git\inverter_project\venv\Lib\site-packages\django\conf\urls\__init__.py first seen with mtime 1718021002.1435435
File C:\Users\USER\Documents\Git\inverter_project\venv\Lib\site-packages\rest_framework\metadata.py first seen with mtime 1717948581.2345724
File C:\Users\USER\Documents\Git\inverter_project\venv\Lib\site-packages\sympy\simplify\__init__.py first seen with mtime 1718278180.4912083
File C:\Python39\Lib\bisect.py first seen with mtime 1630352124.0
File C:\Python39\DLLs\_lzma.pyd first seen with mtime 1630352202.0
File C:\Users\USER\Documents\Git\inverter_project\venv\Lib\site-packages\mpmath\function_docs.py first seen with mtime 1718278155.1334033
File C:\Python39\Lib\colorsys.py first seen with mtime 1630352124.0
File C:\Users\USER\Documents\Git\inverter_project\venv\Lib\site-packages\django\template\loaders\__init__.py first seen with mtime 1718021032.9798937
File C:\Users\USER\Documents\Git\inverter_project\venv\Lib\site-packages\pygments\lexers\__init__.py first seen with mtime 1729175977.769512
File C:\Users\USER\Documents\Git\inverter_project\venv\Lib\site-packages\django\utils\connection.py first seen with mtime 1718021033.100007
File C:\Users\USER\Documents\Git\inverter_project\venv\Lib\site-packages\sqlparse\engine\grouping.py first seen with mtime 1717948325.8197968
File C:\Python39\Lib\urllib\parse.py first seen with mtime 1630352126.0
File C:\Users\USER\Documents\Git\inverter_project\venv\Lib\site-packages\sympy\polys\rootoftools.py first seen with mtime 1718278175.505008
File C:\Users\USER\Documents\Git\inverter_project\venv\Lib\site-packages\coreapi\codecs\jsondata.py first seen with mtime 1718362998.111632
File C:\Users\USER\Documents\Git\inverter_project\venv\Lib\site-packages\sqlparse\__init__.py first seen with mtime 1717948325.6703274
File C:\Users\USER\Documents\Git\inverter_project\venv\Lib\site-packages\sympy\algebras\__init__.py first seen with mtime 1718278163.2046068
File C:\Users\USER\Documents\Git\inverter_project\venv\Lib\site-packages\sympy\matrices\expressions\special.py first seen with mtime 1718278173.145502
File C:\Users\USER\Documents\Git\inverter_project\venv\Lib\site-packages\sympy\ntheory\egyptian_fraction.py first seen with mtime 1718278173.5029159
File C:\Python39\Lib\asyncio\sslproto.py first seen with mtime 1630352124.0
File C:\Users\USER\Documents\Git\inverter_project\venv\Lib\site-packages\sympy\polys\agca\homomorphisms.py first seen with mtime 1718278175.5271826
File C:\Python39\Lib\abc.py first seen with mtime 1630352124.0
File C:\Users\USER\Documents\Git\inverter_project\venv\Lib\site-packages\sympy\calculus\accumulationbounds.py first seen with mtime 1718278163.6855848
File C:\Users\USER\Documents\Git\inverter_project\venv\Lib\site-packages\django\contrib\postgres\search.py first seen with mtime 1718021020.9362493
File C:\Users\USER\Documents\Git\inverter_project\venv\Lib\site-packages\django\views\decorators\common.py first seen with mtime 1718021033.2583845
File C:\Users\USER\Documents\Git\inverter_project\venv\Lib\site-packages\sympy\discrete\transforms.py first seen with mtime 1718278172.071075
File C:\Users\USER\Documents\Git\inverter_project\venv\Lib\site-packages\sympy\printing\pycode.py first seen with mtime 1718278176.6109166
File C:\Users\USER\Documents\Git\inverter_project\venv\Lib\site-packages\jinja2\bccache.py first seen with mtime 1718362995.7620044
File C:\Users\USER\Documents\Git\inverter_project\venv\Lib\site-packages\django\core\checks\translation.py first seen with mtime 1718021030.8472567
File C:\Users\USER\Documents\Git\inverter_project\venv\Lib\site-packages\django\template\response.py first seen with mtime 1718021032.9600954
File C:\Users\USER\Documents\Git\inverter_project\venv\Lib\site-packages\django\test\__init__.py first seen with mtime 1718021033.0208004
File C:\Python39\DLLs\select.pyd first seen with mtime 1630352202.0
File C:\Python39\Lib\email\_parseaddr.py first seen with mtime 1630352124.0
File C:\Users\USER\Documents\Git\inverter_project\venv\Lib\site-packages\mpmath\libmp\gammazeta.py first seen with mtime 1718278155.2031784
File C:\Users\USER\Documents\Git\inverter_project\venv\Lib\site-packages\sympy\strategies\branch\traverse.py first seen with mtime 1718278181.3182006
File C:\Users\USER\Documents\Git\inverter_project\venv\Lib\site-packages\rest_framework\versioning.py first seen with mtime 1717948581.4046104
File C:\Users\USER\Documents\Git\inverter_project\venv\Lib\site-packages\urllib3\util\response.py first seen with mtime 1718362986.765568
File C:\Users\USER\Documents\Git\inverter_project\venv\Lib\site-packages\click\types.py first seen with mtime 1718720817.3086646
File C:\Users\USER\Documents\Git\inverter_project\venv\Lib\site-packages\sympy\matrices\expressions\_shape.py first seen with mtime 1718278173.062418
File C:\Users\USER\Documents\Git\inverter_project\venv\Lib\site-packages\sqlparse\filters\right_margin.py first seen with mtime 1717948325.8600152
File C:\Users\USER\Documents\Git\inverter_project\venv\Lib\site-packages\simplejson\__init__.py first seen with mtime 1718362989.896253
File C:\Users\USER\Documents\Git\inverter_project\venv\Lib\site-packages\coreapi\codecs\display.py first seen with mtime 1718362998.1076324
File C:\Users\USER\Documents\Git\inverter_project\venv\lib\site-packages\jazzmin\templates\admin first seen with mtime 1718021115.971524
File C:\Users\USER\Documents\Git\inverter_project\venv\lib\site-packages\jazzmin\templates\admin_doc first seen with mtime 1718021116.0884101
File C:\Users\USER\Documents\Git\inverter_project\venv\lib\site-packages\jazzmin\templates\jazzmin first seen with mtime 1718021116.1946135
File C:\Users\USER\Documents\Git\inverter_project\venv\lib\site-packages\jazzmin\templates\registration first seen with mtime 1718021116.4058073
File C:\Users\USER\Documents\Git\inverter_project\venv\lib\site-packages\jazzmin\templates\admin\actions.html first seen with mtime 1718021115.4671483
File C:\Users\USER\Documents\Git\inverter_project\venv\lib\site-packages\jazzmin\templates\admin\app_index.html first seen with mtime 1718021115.4671483
File C:\Users\USER\Documents\Git\inverter_project\venv\lib\site-packages\jazzmin\templates\admin\auth first seen with mtime 1718021115.4671483
File C:\Users\USER\Documents\Git\inverter_project\venv\lib\site-packages\jazzmin\templates\admin\base.html first seen with mtime 1718021115.5571532
File C:\Users\USER\Documents\Git\inverter_project\venv\lib\site-packages\jazzmin\templates\admin\base_site.html first seen with mtime 1718021115.5571532
File C:\Users\USER\Documents\Git\inverter_project\venv\lib\site-packages\jazzmin\templates\admin\change_form.html first seen with mtime 1718021115.5571532
File C:\Users\USER\Documents\Git\inverter_project\venv\lib\site-packages\jazzmin\templates\admin\change_form_object_tools.html first seen with mtime 1718021115.5571532
File C:\Users\USER\Documents\Git\inverter_project\venv\lib\site-packages\jazzmin\templates\admin\change_list.html first seen with mtime 1718021115.5671525
File C:\Users\USER\Documents\Git\inverter_project\venv\lib\site-packages\jazzmin\templates\admin\change_list_object_tools.html first seen with mtime 1718021115.5671525
File C:\Users\USER\Documents\Git\inverter_project\venv\lib\site-packages\jazzmin\templates\admin\change_list_results.html first seen with mtime 1718021115.5671525
File C:\Users\USER\Documents\Git\inverter_project\venv\lib\site-packages\jazzmin\templates\admin\date_hierarchy.html first seen with mtime 1718021115.5671525
File C:\Users\USER\Documents\Git\inverter_project\venv\lib\site-packages\jazzmin\templates\admin\delete_confirmation.html first seen with mtime 1718021115.5671525
File C:\Users\USER\Documents\Git\inverter_project\venv\lib\site-packages\jazzmin\templates\admin\delete_selected_confirmation.html first seen with mtime 1718021115.5671525
File C:\Users\USER\Documents\Git\inverter_project\venv\lib\site-packages\jazzmin\templates\admin\edit_inline first seen with mtime 1718021115.5771518
File C:\Users\USER\Documents\Git\inverter_project\venv\lib\site-packages\jazzmin\templates\admin\filer first seen with mtime 1718021115.707153
File C:\Users\USER\Documents\Git\inverter_project\venv\lib\site-packages\jazzmin\templates\admin\filter.html first seen with mtime 1718021115.707153
File C:\Users\USER\Documents\Git\inverter_project\venv\lib\site-packages\jazzmin\templates\admin\import_export first seen with mtime 1718021115.767153
File C:\Users\USER\Documents\Git\inverter_project\venv\lib\site-packages\jazzmin\templates\admin\includes first seen with mtime 1718021115.767153
File C:\Users\USER\Documents\Git\inverter_project\venv\lib\site-packages\jazzmin\templates\admin\index.html first seen with mtime 1718021115.7771528
File C:\Users\USER\Documents\Git\inverter_project\venv\lib\site-packages\jazzmin\templates\admin\login.html first seen with mtime 1718021115.9588761
File C:\Users\USER\Documents\Git\inverter_project\venv\lib\site-packages\jazzmin\templates\admin\mptt_filter.html first seen with mtime 1718021115.9608767
File C:\Users\USER\Documents\Git\inverter_project\venv\lib\site-packages\jazzmin\templates\admin\object_history.html first seen with mtime 1718021115.9628785
File C:\Users\USER\Documents\Git\inverter_project\venv\lib\site-packages\jazzmin\templates\admin\pagination.html first seen with mtime 1718021115.9648767
File C:\Users\USER\Documents\Git\inverter_project\venv\lib\site-packages\jazzmin\templates\admin\popup_response.html first seen with mtime 1718021115.9658754
File C:\Users\USER\Documents\Git\inverter_project\venv\lib\site-packages\jazzmin\templates\admin\search_form.html first seen with mtime 1718021115.9678774
File C:\Users\USER\Documents\Git\inverter_project\venv\lib\site-packages\jazzmin\templates\admin\solo first seen with mtime 1718021115.971524
File C:\Users\USER\Documents\Git\inverter_project\venv\lib\site-packages\jazzmin\templates\admin\submit_line.html first seen with mtime 1718021115.971524
File C:\Users\USER\Documents\Git\inverter_project\venv\lib\site-packages\jazzmin\templates\admin\auth\user first seen with mtime 1718021115.4771516
File C:\Users\USER\Documents\Git\inverter_project\venv\lib\site-packages\jazzmin\templates\admin\auth\user\add_form.html first seen with mtime 1718021115.4671483
File C:\Users\USER\Documents\Git\inverter_project\venv\lib\site-packages\jazzmin\templates\admin\auth\user\change_password.html first seen with mtime 1718021115.4771516
File C:\Users\USER\Documents\Git\inverter_project\venv\lib\site-packages\jazzmin\templates\admin\edit_inline\stacked.html first seen with mtime 1718021115.5771518
File C:\Users\USER\Documents\Git\inverter_project\venv\lib\site-packages\jazzmin\templates\admin\edit_inline\tabular.html first seen with mtime 1718021115.5771518
File C:\Users\USER\Documents\Git\inverter_project\venv\lib\site-packages\jazzmin\templates\admin\filer\breadcrumbs.html first seen with mtime 1718021115.5771518
File C:\Users\USER\Documents\Git\inverter_project\venv\lib\site-packages\jazzmin\templates\admin\filer\change_form.html first seen with mtime 1718021115.5771518
File C:\Users\USER\Documents\Git\inverter_project\venv\lib\site-packages\jazzmin\templates\admin\filer\delete_selected_files_confirmation.html first seen with mtime 1718021115.6971512
File C:\Users\USER\Documents\Git\inverter_project\venv\lib\site-packages\jazzmin\templates\admin\filer\file first seen with mtime 1718021115.6971512
File C:\Users\USER\Documents\Git\inverter_project\venv\lib\site-packages\jazzmin\templates\admin\filer\folder first seen with mtime 1718021115.6971512
File C:\Users\USER\Documents\Git\inverter_project\venv\lib\site-packages\jazzmin\templates\admin\filer\image first seen with mtime 1718021115.707153
File C:\Users\USER\Documents\Git\inverter_project\venv\lib\site-packages\jazzmin\templates\admin\filer\tools first seen with mtime 1718021115.707153
File C:\Users\USER\Documents\Git\inverter_project\venv\lib\site-packages\jazzmin\templates\admin\filer\file\change_form.html first seen with mtime 1718021115.6971512
File C:\Users\USER\Documents\Git\inverter_project\venv\lib\site-packages\jazzmin\templates\admin\filer\folder\change_form.html first seen with mtime 1718021115.6971512
File C:\Users\USER\Documents\Git\inverter_project\venv\lib\site-packages\jazzmin\templates\admin\filer\folder\directory_listing.html first seen with mtime 1718021115.6971512
File C:\Users\USER\Documents\Git\inverter_project\venv\lib\site-packages\jazzmin\templates\admin\filer\image\change_form.html first seen with mtime 1718021115.707153
File C:\Users\USER\Documents\Git\inverter_project\venv\lib\site-packages\jazzmin\templates\admin\filer\tools\detail_info.html first seen with mtime 1718021115.707153
File C:\Users\USER\Documents\Git\inverter_project\venv\lib\site-packages\jazzmin\templates\admin\import_export\base.html first seen with mtime 1718021115.707153
File C:\Users\USER\Documents\Git\inverter_project\venv\lib\site-packages\jazzmin\templates\admin\import_export\change_list.html first seen with mtime 1718021115.707153
File C:\Users\USER\Documents\Git\inverter_project\venv\lib\site-packages\jazzmin\templates\admin\import_export\change_list_export.html first seen with mtime 1718021115.7571456
File C:\Users\USER\Documents\Git\inverter_project\venv\lib\site-packages\jazzmin\templates\admin\import_export\change_list_export_item.html first seen with mtime 1718021115.7571456
File C:\Users\USER\Documents\Git\inverter_project\venv\lib\site-packages\jazzmin\templates\admin\import_export\change_list_import.html first seen with mtime 1718021115.7571456
File C:\Users\USER\Documents\Git\inverter_project\venv\lib\site-packages\jazzmin\templates\admin\import_export\change_list_import_export.html first seen with mtime 1718021115.7571456
File C:\Users\USER\Documents\Git\inverter_project\venv\lib\site-packages\jazzmin\templates\admin\import_export\change_list_import_item.html first seen with mtime 1718021115.767153
File C:\Users\USER\Documents\Git\inverter_project\venv\lib\site-packages\jazzmin\templates\admin\import_export\export.html first seen with mtime 1718021115.767153
File C:\Users\USER\Documents\Git\inverter_project\venv\lib\site-packages\jazzmin\templates\admin\import_export\import.html first seen with mtime 1718021115.767153
File C:\Users\USER\Documents\Git\inverter_project\venv\lib\site-packages\jazzmin\templates\admin\includes\fieldset.html first seen with mtime 1718021115.767153
File C:\Users\USER\Documents\Git\inverter_project\venv\lib\site-packages\jazzmin\templates\admin\includes\object_delete_summary.html first seen with mtime 1718021115.767153
File C:\Users\USER\Documents\Git\inverter_project\venv\lib\site-packages\jazzmin\templates\admin\solo\change_form.html first seen with mtime 1718021115.9698784
File C:\Users\USER\Documents\Git\inverter_project\venv\lib\site-packages\jazzmin\templates\admin\solo\object_history.html first seen with mtime 1718021115.971524
File C:\Users\USER\Documents\Git\inverter_project\venv\lib\site-packages\jazzmin\templates\admin_doc\base_docs.html first seen with mtime 1718021115.971524
File C:\Users\USER\Documents\Git\inverter_project\venv\lib\site-packages\jazzmin\templates\admin_doc\bookmarklets.html first seen with mtime 1718021115.971524
File C:\Users\USER\Documents\Git\inverter_project\venv\lib\site-packages\jazzmin\templates\admin_doc\index.html first seen with mtime 1718021116.072406
File C:\Users\USER\Documents\Git\inverter_project\venv\lib\site-packages\jazzmin\templates\admin_doc\missing_docutils.html first seen with mtime 1718021116.0744092
File C:\Users\USER\Documents\Git\inverter_project\venv\lib\site-packages\jazzmin\templates\admin_doc\model_detail.html first seen with mtime 1718021116.0764093
File C:\Users\USER\Documents\Git\inverter_project\venv\lib\site-packages\jazzmin\templates\admin_doc\model_index.html first seen with mtime 1718021116.0784082
File C:\Users\USER\Documents\Git\inverter_project\venv\lib\site-packages\jazzmin\templates\admin_doc\template_detail.html first seen with mtime 1718021116.080409
File C:\Users\USER\Documents\Git\inverter_project\venv\lib\site-packages\jazzmin\templates\admin_doc\template_filter_index.html first seen with mtime 1718021116.0824132
File C:\Users\USER\Documents\Git\inverter_project\venv\lib\site-packages\jazzmin\templates\admin_doc\template_tag_index.html first seen with mtime 1718021116.0844097
File C:\Users\USER\Documents\Git\inverter_project\venv\lib\site-packages\jazzmin\templates\admin_doc\view_detail.html first seen with mtime 1718021116.086409
File C:\Users\USER\Documents\Git\inverter_project\venv\lib\site-packages\jazzmin\templates\admin_doc\view_index.html first seen with mtime 1718021116.0884101
File C:\Users\USER\Documents\Git\inverter_project\venv\lib\site-packages\jazzmin\templates\jazzmin\includes first seen with mtime 1718021116.192618
File C:\Users\USER\Documents\Git\inverter_project\venv\lib\site-packages\jazzmin\templates\jazzmin\widgets first seen with mtime 1718021116.1956148
File C:\Users\USER\Documents\Git\inverter_project\venv\lib\site-packages\jazzmin\templates\jazzmin\includes\carousel.html first seen with mtime 1718021116.0914102
File C:\Users\USER\Documents\Git\inverter_project\venv\lib\site-packages\jazzmin\templates\jazzmin\includes\collapsible.html first seen with mtime 1718021116.0934122
File C:\Users\USER\Documents\Git\inverter_project\venv\lib\site-packages\jazzmin\templates\jazzmin\includes\horizontal_tabs.html first seen with mtime 1718021116.1764708
File C:\Users\USER\Documents\Git\inverter_project\venv\lib\site-packages\jazzmin\templates\jazzmin\includes\related_modal.html first seen with mtime 1718021116.187621
File C:\Users\USER\Documents\Git\inverter_project\venv\lib\site-packages\jazzmin\templates\jazzmin\includes\single.html first seen with mtime 1718021116.1896222
File C:\Users\USER\Documents\Git\inverter_project\venv\lib\site-packages\jazzmin\templates\jazzmin\includes\ui_builder_panel.html first seen with mtime 1718021116.1916184
File C:\Users\USER\Documents\Git\inverter_project\venv\lib\site-packages\jazzmin\templates\jazzmin\includes\vertical_tabs.html first seen with mtime 1718021116.1936157
File C:\Users\USER\Documents\Git\inverter_project\venv\lib\site-packages\jazzmin\templates\jazzmin\widgets\select.html first seen with mtime 1718021116.1956148
File C:\Users\USER\Documents\Git\inverter_project\venv\lib\site-packages\jazzmin\templates\registration\base.html first seen with mtime 1718021116.262316
File C:\Users\USER\Documents\Git\inverter_project\venv\lib\site-packages\jazzmin\templates\registration\logged_out.html first seen with mtime 1718021116.2643156
File C:\Users\USER\Documents\Git\inverter_project\venv\lib\site-packages\jazzmin\templates\registration\password_change_done.html first seen with mtime 1718021116.3936822
File C:\Users\USER\Documents\Git\inverter_project\venv\lib\site-packages\jazzmin\templates\registration\password_change_form.html first seen with mtime 1718021116.3956861
File C:\Users\USER\Documents\Git\inverter_project\venv\lib\site-packages\jazzmin\templates\registration\password_reset_complete.html first seen with mtime 1718021116.3979068
File C:\Users\USER\Documents\Git\inverter_project\venv\lib\site-packages\jazzmin\templates\registration\password_reset_confirm.html first seen with mtime 1718021116.4008057
File C:\Users\USER\Documents\Git\inverter_project\venv\lib\site-packages\jazzmin\templates\registration\password_reset_done.html first seen with mtime 1718021116.4048064
File C:\Users\USER\Documents\Git\inverter_project\venv\lib\site-packages\jazzmin\templates\registration\password_reset_form.html first seen with mtime 1718021116.4068053
File C:\Users\USER\Documents\Git\inverter_project\venv\lib\site-packages\drf_yasg\templates\drf-yasg first seen with mtime 1718364128.5189025
File C:\Users\USER\Documents\Git\inverter_project\venv\lib\site-packages\drf_yasg\templates\drf-yasg\redoc-old.html first seen with mtime 1718364128.514719
File C:\Users\USER\Documents\Git\inverter_project\venv\lib\site-packages\drf_yasg\templates\drf-yasg\redoc.html first seen with mtime 1718364128.5169022
File C:\Users\USER\Documents\Git\inverter_project\venv\lib\site-packages\drf_yasg\templates\drf-yasg\swagger-ui.html first seen with mtime 1718364128.5189025
File C:\Users\USER\Documents\Git\inverter_project\venv\lib\site-packages\rest_framework_swagger\templates\rest_framework_swagger first seen with mtime 1718363000.0846243
File C:\Users\USER\Documents\Git\inverter_project\venv\lib\site-packages\rest_framework_swagger\templates\rest_framework_swagger\index.html first seen with mtime 1718363000.0846243
File C:\Users\USER\Documents\Git\inverter_project\venv\lib\site-packages\rest_framework\templates\rest_framework first seen with mtime 1717948590.1283734
File C:\Users\USER\Documents\Git\inverter_project\venv\lib\site-packages\rest_framework\templates\rest_framework\admin first seen with mtime 1717948587.783705
File C:\Users\USER\Documents\Git\inverter_project\venv\lib\site-packages\rest_framework\templates\rest_framework\admin.html first seen with mtime 1717948587.0337167
File C:\Users\USER\Documents\Git\inverter_project\venv\lib\site-packages\rest_framework\templates\rest_framework\api.html first seen with mtime 1717948587.043697
File C:\Users\USER\Documents\Git\inverter_project\venv\lib\site-packages\rest_framework\templates\rest_framework\base.html first seen with mtime 1717948587.2886674
File C:\Users\USER\Documents\Git\inverter_project\venv\lib\site-packages\rest_framework\templates\rest_framework\docs first seen with mtime 1717948588.1503134
File C:\Users\USER\Documents\Git\inverter_project\venv\lib\site-packages\rest_framework\templates\rest_framework\filters first seen with mtime 1717948589.0015676
File C:\Users\USER\Documents\Git\inverter_project\venv\lib\site-packages\rest_framework\templates\rest_framework\horizontal first seen with mtime 1717948589.5476255
File C:\Users\USER\Documents\Git\inverter_project\venv\lib\site-packages\rest_framework\templates\rest_framework\inline first seen with mtime 1717948589.9261994
File C:\Users\USER\Documents\Git\inverter_project\venv\lib\site-packages\rest_framework\templates\rest_framework\login.html first seen with mtime 1717948587.3486512
File C:\Users\USER\Documents\Git\inverter_project\venv\lib\site-packages\rest_framework\templates\rest_framework\login_base.html first seen with mtime 1717948587.3486512
File C:\Users\USER\Documents\Git\inverter_project\venv\lib\site-packages\rest_framework\templates\rest_framework\pagination first seen with mtime 1717948590.0520608
File C:\Users\USER\Documents\Git\inverter_project\venv\lib\site-packages\rest_framework\templates\rest_framework\raw_data_form.html first seen with mtime 1717948587.418665
File C:\Users\USER\Documents\Git\inverter_project\venv\lib\site-packages\rest_framework\templates\rest_framework\schema.js first seen with mtime 1717948587.4786665
File C:\Users\USER\Documents\Git\inverter_project\venv\lib\site-packages\rest_framework\templates\rest_framework\vertical first seen with mtime 1717948590.533677
File C:\Users\USER\Documents\Git\inverter_project\venv\lib\site-packages\rest_framework\templates\rest_framework\admin\detail.html first seen with mtime 1717948587.6937099
File C:\Users\USER\Documents\Git\inverter_project\venv\lib\site-packages\rest_framework\templates\rest_framework\admin\dict_value.html first seen with mtime 1717948587.6937099
File C:\Users\USER\Documents\Git\inverter_project\venv\lib\site-packages\rest_framework\templates\rest_framework\admin\list.html first seen with mtime 1717948587.6937099
File C:\Users\USER\Documents\Git\inverter_project\venv\lib\site-packages\rest_framework\templates\rest_framework\admin\list_value.html first seen with mtime 1717948587.783705
File C:\Users\USER\Documents\Git\inverter_project\venv\lib\site-packages\rest_framework\templates\rest_framework\admin\simple_list_value.html first seen with mtime 1717948587.783705
File C:\Users\USER\Documents\Git\inverter_project\venv\lib\site-packages\rest_framework\templates\rest_framework\docs\auth first seen with mtime 1717948588.1503134
File C:\Users\USER\Documents\Git\inverter_project\venv\lib\site-packages\rest_framework\templates\rest_framework\docs\document.html first seen with mtime 1717948587.8037045
File C:\Users\USER\Documents\Git\inverter_project\venv\lib\site-packages\rest_framework\templates\rest_framework\docs\error.html first seen with mtime 1717948587.8037045
File C:\Users\USER\Documents\Git\inverter_project\venv\lib\site-packages\rest_framework\templates\rest_framework\docs\index.html first seen with mtime 1717948587.8037045
File C:\Users\USER\Documents\Git\inverter_project\venv\lib\site-packages\rest_framework\templates\rest_framework\docs\interact.html first seen with mtime 1717948587.8637054
File C:\Users\USER\Documents\Git\inverter_project\venv\lib\site-packages\rest_framework\templates\rest_framework\docs\langs first seen with mtime 1717948588.5056348
File C:\Users\USER\Documents\Git\inverter_project\venv\lib\site-packages\rest_framework\templates\rest_framework\docs\link.html first seen with mtime 1717948587.873713
File C:\Users\USER\Documents\Git\inverter_project\venv\lib\site-packages\rest_framework\templates\rest_framework\docs\sidebar.html first seen with mtime 1717948587.873713
File C:\Users\USER\Documents\Git\inverter_project\venv\lib\site-packages\rest_framework\templates\rest_framework\docs\auth\basic.html first seen with mtime 1717948588.0024958
File C:\Users\USER\Documents\Git\inverter_project\venv\lib\site-packages\rest_framework\templates\rest_framework\docs\auth\session.html first seen with mtime 1717948588.1503134
File C:\Users\USER\Documents\Git\inverter_project\venv\lib\site-packages\rest_framework\templates\rest_framework\docs\auth\token.html first seen with mtime 1717948588.1503134
File C:\Users\USER\Documents\Git\inverter_project\venv\lib\site-packages\rest_framework\templates\rest_framework\docs\langs\javascript-intro.html first seen with mtime 1717948588.168095
File C:\Users\USER\Documents\Git\inverter_project\venv\lib\site-packages\rest_framework\templates\rest_framework\docs\langs\javascript.html first seen with mtime 1717948588.168095
File C:\Users\USER\Documents\Git\inverter_project\venv\lib\site-packages\rest_framework\templates\rest_framework\docs\langs\python-intro.html first seen with mtime 1717948588.1823733
File C:\Users\USER\Documents\Git\inverter_project\venv\lib\site-packages\rest_framework\templates\rest_framework\docs\langs\python.html first seen with mtime 1717948588.1823733
File C:\Users\USER\Documents\Git\inverter_project\venv\lib\site-packages\rest_framework\templates\rest_framework\docs\langs\shell-intro.html first seen with mtime 1717948588.1823733
File C:\Users\USER\Documents\Git\inverter_project\venv\lib\site-packages\rest_framework\templates\rest_framework\docs\langs\shell.html first seen with mtime 1717948588.5056348
File C:\Users\USER\Documents\Git\inverter_project\venv\lib\site-packages\rest_framework\templates\rest_framework\filters\base.html first seen with mtime 1717948589.0015676
File C:\Users\USER\Documents\Git\inverter_project\venv\lib\site-packages\rest_framework\templates\rest_framework\filters\ordering.html first seen with mtime 1717948589.0015676
File C:\Users\USER\Documents\Git\inverter_project\venv\lib\site-packages\rest_framework\templates\rest_framework\filters\search.html first seen with mtime 1717948589.0015676
File C:\Users\USER\Documents\Git\inverter_project\venv\lib\site-packages\rest_framework\templates\rest_framework\horizontal\checkbox.html first seen with mtime 1717948589.0015676
File C:\Users\USER\Documents\Git\inverter_project\venv\lib\site-packages\rest_framework\templates\rest_framework\horizontal\checkbox_multiple.html first seen with mtime 1717948589.0215719
File C:\Users\USER\Documents\Git\inverter_project\venv\lib\site-packages\rest_framework\templates\rest_framework\horizontal\dict_field.html first seen with mtime 1717948589.277619
File C:\Users\USER\Documents\Git\inverter_project\venv\lib\site-packages\rest_framework\templates\rest_framework\horizontal\fieldset.html first seen with mtime 1717948589.277619
File C:\Users\USER\Documents\Git\inverter_project\venv\lib\site-packages\rest_framework\templates\rest_framework\horizontal\form.html first seen with mtime 1717948589.2876227
File C:\Users\USER\Documents\Git\inverter_project\venv\lib\site-packages\rest_framework\templates\rest_framework\horizontal\input.html first seen with mtime 1717948589.2876227
File C:\Users\USER\Documents\Git\inverter_project\venv\lib\site-packages\rest_framework\templates\rest_framework\horizontal\list_field.html first seen with mtime 1717948589.2876227
File C:\Users\USER\Documents\Git\inverter_project\venv\lib\site-packages\rest_framework\templates\rest_framework\horizontal\list_fieldset.html first seen with mtime 1717948589.2876227
File C:\Users\USER\Documents\Git\inverter_project\venv\lib\site-packages\rest_framework\templates\rest_framework\horizontal\radio.html first seen with mtime 1717948589.2876227
File C:\Users\USER\Documents\Git\inverter_project\venv\lib\site-packages\rest_framework\templates\rest_framework\horizontal\select.html first seen with mtime 1717948589.357618
File C:\Users\USER\Documents\Git\inverter_project\venv\lib\site-packages\rest_framework\templates\rest_framework\horizontal\select_multiple.html first seen with mtime 1717948589.357618
File C:\Users\USER\Documents\Git\inverter_project\venv\lib\site-packages\rest_framework\templates\rest_framework\horizontal\textarea.html first seen with mtime 1717948589.5576258
File C:\Users\USER\Documents\Git\inverter_project\venv\lib\site-packages\rest_framework\templates\rest_framework\inline\checkbox.html first seen with mtime 1717948589.5576258
File C:\Users\USER\Documents\Git\inverter_project\venv\lib\site-packages\rest_framework\templates\rest_framework\inline\checkbox_multiple.html first seen with mtime 1717948589.5676246
File C:\Users\USER\Documents\Git\inverter_project\venv\lib\site-packages\rest_framework\templates\rest_framework\inline\dict_field.html first seen with mtime 1717948589.5776253
File C:\Users\USER\Documents\Git\inverter_project\venv\lib\site-packages\rest_framework\templates\rest_framework\inline\fieldset.html first seen with mtime 1717948589.5776253
File C:\Users\USER\Documents\Git\inverter_project\venv\lib\site-packages\rest_framework\templates\rest_framework\inline\form.html first seen with mtime 1717948589.6376176
File C:\Users\USER\Documents\Git\inverter_project\venv\lib\site-packages\rest_framework\templates\rest_framework\inline\input.html first seen with mtime 1717948589.6976216
File C:\Users\USER\Documents\Git\inverter_project\venv\lib\site-packages\rest_framework\templates\rest_framework\inline\list_field.html first seen with mtime 1717948589.6976216
File C:\Users\USER\Documents\Git\inverter_project\venv\lib\site-packages\rest_framework\templates\rest_framework\inline\list_fieldset.html first seen with mtime 1717948589.7076313
File C:\Users\USER\Documents\Git\inverter_project\venv\lib\site-packages\rest_framework\templates\rest_framework\inline\radio.html first seen with mtime 1717948589.8390958
File C:\Users\USER\Documents\Git\inverter_project\venv\lib\site-packages\rest_framework\templates\rest_framework\inline\select.html first seen with mtime 1717948589.841096
File C:\Users\USER\Documents\Git\inverter_project\venv\lib\site-packages\rest_framework\templates\rest_framework\inline\select_multiple.html first seen with mtime 1717948589.8930376
File C:\Users\USER\Documents\Git\inverter_project\venv\lib\site-packages\rest_framework\templates\rest_framework\inline\textarea.html first seen with mtime 1717948589.9261994
File C:\Users\USER\Documents\Git\inverter_project\venv\lib\site-packages\rest_framework\templates\rest_framework\pagination\numbers.html first seen with mtime 1717948589.997399
File C:\Users\USER\Documents\Git\inverter_project\venv\lib\site-packages\rest_framework\templates\rest_framework\pagination\previous_and_next.html first seen with mtime 1717948590.0520608
File C:\Users\USER\Documents\Git\inverter_project\venv\lib\site-packages\rest_framework\templates\rest_framework\vertical\checkbox.html first seen with mtime 1717948590.1483784
File C:\Users\USER\Documents\Git\inverter_project\venv\lib\site-packages\rest_framework\templates\rest_framework\vertical\checkbox_multiple.html first seen with mtime 1717948590.1883802
File C:\Users\USER\Documents\Git\inverter_project\venv\lib\site-packages\rest_framework\templates\rest_framework\vertical\dict_field.html first seen with mtime 1717948590.2683997
File C:\Users\USER\Documents\Git\inverter_project\venv\lib\site-packages\rest_framework\templates\rest_framework\vertical\fieldset.html first seen with mtime 1717948590.2683997
File C:\Users\USER\Documents\Git\inverter_project\venv\lib\site-packages\rest_framework\templates\rest_framework\vertical\form.html first seen with mtime 1717948590.2683997
File C:\Users\USER\Documents\Git\inverter_project\venv\lib\site-packages\rest_framework\templates\rest_framework\vertical\input.html first seen with mtime 1717948590.2683997
File C:\Users\USER\Documents\Git\inverter_project\venv\lib\site-packages\rest_framework\templates\rest_framework\vertical\list_field.html first seen with mtime 1717948590.3083785
File C:\Users\USER\Documents\Git\inverter_project\venv\lib\site-packages\rest_framework\templates\rest_framework\vertical\list_fieldset.html first seen with mtime 1717948590.3883722
File C:\Users\USER\Documents\Git\inverter_project\venv\lib\site-packages\rest_framework\templates\rest_framework\vertical\radio.html first seen with mtime 1717948590.3883722
File C:\Users\USER\Documents\Git\inverter_project\venv\lib\site-packages\rest_framework\templates\rest_framework\vertical\select.html first seen with mtime 1717948590.3883722
File C:\Users\USER\Documents\Git\inverter_project\venv\lib\site-packages\rest_framework\templates\rest_framework\vertical\select_multiple.html first seen with mtime 1717948590.4383764
File C:\Users\USER\Documents\Git\inverter_project\venv\lib\site-packages\rest_framework\templates\rest_framework\vertical\textarea.html first seen with mtime 1717948590.5341864
File C:\Users\USER\Documents\Git\inverter_project\venv\lib\site-packages\jazzmin\locale\bg\LC_MESSAGES\django.mo first seen with mtime 1718021114.5368154
File C:\Users\USER\Documents\Git\inverter_project\venv\lib\site-packages\jazzmin\locale\de\LC_MESSAGES\django.mo first seen with mtime 1718021114.5368154
File C:\Users\USER\Documents\Git\inverter_project\venv\lib\site-packages\jazzmin\locale\es\LC_MESSAGES\django.mo first seen with mtime 1718021114.5368154
File C:\Users\USER\Documents\Git\inverter_project\venv\lib\site-packages\jazzmin\locale\fr\LC_MESSAGES\django.mo first seen with mtime 1718021114.5468218
File C:\Users\USER\Documents\Git\inverter_project\venv\lib\site-packages\jazzmin\locale\hu\LC_MESSAGES\django.mo first seen with mtime 1718021114.5568204
File C:\Users\USER\Documents\Git\inverter_project\venv\lib\site-packages\jazzmin\locale\ru\LC_MESSAGES\django.mo first seen with mtime 1718021114.5568204
File C:\Users\USER\Documents\Git\inverter_project\venv\lib\site-packages\jazzmin\locale\zh_Hans\LC_MESSAGES\django.mo first seen with mtime 1718021114.5568204
File C:\Users\USER\Documents\Git\inverter_project\venv\lib\site-packages\jazzmin\locale\zh_Hant\LC_MESSAGES\django.mo first seen with mtime 1718021114.7663972
File C:\Users\USER\Documents\Git\inverter_project\venv\lib\site-packages\rest_framework\locale\ach\LC_MESSAGES\django.mo first seen with mtime 1717948582.0602436
File C:\Users\USER\Documents\Git\inverter_project\venv\lib\site-packages\rest_framework\locale\ar\LC_MESSAGES\django.mo first seen with mtime 1717948582.0602436
File C:\Users\USER\Documents\Git\inverter_project\venv\lib\site-packages\rest_framework\locale\az\LC_MESSAGES\django.mo first seen with mtime 1717948582.0702431
File C:\Users\USER\Documents\Git\inverter_project\venv\lib\site-packages\rest_framework\locale\be\LC_MESSAGES\django.mo first seen with mtime 1717948582.0702431
File C:\Users\USER\Documents\Git\inverter_project\venv\lib\site-packages\rest_framework\locale\bg\LC_MESSAGES\django.mo first seen with mtime 1717948582.0702431
File C:\Users\USER\Documents\Git\inverter_project\venv\lib\site-packages\rest_framework\locale\ca\LC_MESSAGES\django.mo first seen with mtime 1717948582.0802355
File C:\Users\USER\Documents\Git\inverter_project\venv\lib\site-packages\rest_framework\locale\ca_ES\LC_MESSAGES\django.mo first seen with mtime 1717948582.0802355
File C:\Users\USER\Documents\Git\inverter_project\venv\lib\site-packages\rest_framework\locale\cs\LC_MESSAGES\django.mo first seen with mtime 1717948582.1302383
File C:\Users\USER\Documents\Git\inverter_project\venv\lib\site-packages\rest_framework\locale\da\LC_MESSAGES\django.mo first seen with mtime 1717948582.1302383
File C:\Users\USER\Documents\Git\inverter_project\venv\lib\site-packages\rest_framework\locale\de\LC_MESSAGES\django.mo first seen with mtime 1717948582.1302383
File C:\Users\USER\Documents\Git\inverter_project\venv\lib\site-packages\rest_framework\locale\el\LC_MESSAGES\django.mo first seen with mtime 1717948582.140238
File C:\Users\USER\Documents\Git\inverter_project\venv\lib\site-packages\rest_framework\locale\el_GR\LC_MESSAGES\django.mo first seen with mtime 1717948582.140238
File C:\Users\USER\Documents\Git\inverter_project\venv\lib\site-packages\rest_framework\locale\en\LC_MESSAGES\django.mo first seen with mtime 1717948582.140238
File C:\Users\USER\Documents\Git\inverter_project\venv\lib\site-packages\rest_framework\locale\en_AU\LC_MESSAGES\django.mo first seen with mtime 1717948582.140238
File C:\Users\USER\Documents\Git\inverter_project\venv\lib\site-packages\rest_framework\locale\en_CA\LC_MESSAGES\django.mo first seen with mtime 1717948582.150232
File C:\Users\USER\Documents\Git\inverter_project\venv\lib\site-packages\rest_framework\locale\en_US\LC_MESSAGES\django.mo first seen with mtime 1717948582.150232
File C:\Users\USER\Documents\Git\inverter_project\venv\lib\site-packages\rest_framework\locale\es\LC_MESSAGES\django.mo first seen with mtime 1717948582.150232
File C:\Users\USER\Documents\Git\inverter_project\venv\lib\site-packages\rest_framework\locale\et\LC_MESSAGES\django.mo first seen with mtime 1717948582.150232
File C:\Users\USER\Documents\Git\inverter_project\venv\lib\site-packages\rest_framework\locale\fa\LC_MESSAGES\django.mo first seen with mtime 1717948582.1602373
File C:\Users\USER\Documents\Git\inverter_project\venv\lib\site-packages\rest_framework\locale\fa_IR\LC_MESSAGES\django.mo first seen with mtime 1717948582.1602373
File C:\Users\USER\Documents\Git\inverter_project\venv\lib\site-packages\rest_framework\locale\fi\LC_MESSAGES\django.mo first seen with mtime 1717948582.1602373
File C:\Users\USER\Documents\Git\inverter_project\venv\lib\site-packages\rest_framework\locale\fr\LC_MESSAGES\django.mo first seen with mtime 1717948582.1702335
File C:\Users\USER\Documents\Git\inverter_project\venv\lib\site-packages\rest_framework\locale\fr_CA\LC_MESSAGES\django.mo first seen with mtime 1717948582.1702335
File C:\Users\USER\Documents\Git\inverter_project\venv\lib\site-packages\rest_framework\locale\gl\LC_MESSAGES\django.mo first seen with mtime 1717948582.1702335
File C:\Users\USER\Documents\Git\inverter_project\venv\lib\site-packages\rest_framework\locale\gl_ES\LC_MESSAGES\django.mo first seen with mtime 1717948582.210232
File C:\Users\USER\Documents\Git\inverter_project\venv\lib\site-packages\rest_framework\locale\he_IL\LC_MESSAGES\django.mo first seen with mtime 1717948582.210232
File C:\Users\USER\Documents\Git\inverter_project\venv\lib\site-packages\rest_framework\locale\hu\LC_MESSAGES\django.mo first seen with mtime 1717948582.210232
File C:\Users\USER\Documents\Git\inverter_project\venv\lib\site-packages\rest_framework\locale\hy\LC_MESSAGES\django.mo first seen with mtime 1717948582.2202363
File C:\Users\USER\Documents\Git\inverter_project\venv\lib\site-packages\rest_framework\locale\id\LC_MESSAGES\django.mo first seen with mtime 1717948582.2202363
File C:\Users\USER\Documents\Git\inverter_project\venv\lib\site-packages\rest_framework\locale\it\LC_MESSAGES\django.mo first seen with mtime 1717948582.2202363
File C:\Users\USER\Documents\Git\inverter_project\venv\lib\site-packages\rest_framework\locale\ja\LC_MESSAGES\django.mo first seen with mtime 1717948582.2202363
File C:\Users\USER\Documents\Git\inverter_project\venv\lib\site-packages\rest_framework\locale\ko_KR\LC_MESSAGES\django.mo first seen with mtime 1717948582.2302327
File C:\Users\USER\Documents\Git\inverter_project\venv\lib\site-packages\rest_framework\locale\lt\LC_MESSAGES\django.mo first seen with mtime 1717948582.2302327
File C:\Users\USER\Documents\Git\inverter_project\venv\lib\site-packages\rest_framework\locale\lv\LC_MESSAGES\django.mo first seen with mtime 1717948582.2302327
File C:\Users\USER\Documents\Git\inverter_project\venv\lib\site-packages\rest_framework\locale\mk\LC_MESSAGES\django.mo first seen with mtime 1717948582.2402346
File C:\Users\USER\Documents\Git\inverter_project\venv\lib\site-packages\rest_framework\locale\nb\LC_MESSAGES\django.mo first seen with mtime 1717948582.2402346
File C:\Users\USER\Documents\Git\inverter_project\venv\lib\site-packages\rest_framework\locale\ne_NP\LC_MESSAGES\django.mo first seen with mtime 1717948582.2402346
File C:\Users\USER\Documents\Git\inverter_project\venv\lib\site-packages\rest_framework\locale\nl\LC_MESSAGES\django.mo first seen with mtime 1717948582.3162224
File C:\Users\USER\Documents\Git\inverter_project\venv\lib\site-packages\rest_framework\locale\nn\LC_MESSAGES\django.mo first seen with mtime 1717948582.3262286
File C:\Users\USER\Documents\Git\inverter_project\venv\lib\site-packages\rest_framework\locale\no\LC_MESSAGES\django.mo first seen with mtime 1717948582.3462307
File C:\Users\USER\Documents\Git\inverter_project\venv\lib\site-packages\rest_framework\locale\pl\LC_MESSAGES\django.mo first seen with mtime 1717948582.426228
File C:\Users\USER\Documents\Git\inverter_project\venv\lib\site-packages\rest_framework\locale\pt\LC_MESSAGES\django.mo first seen with mtime 1717948582.426228
File C:\Users\USER\Documents\Git\inverter_project\venv\lib\site-packages\rest_framework\locale\pt_BR\LC_MESSAGES\django.mo first seen with mtime 1717948582.5162272
File C:\Users\USER\Documents\Git\inverter_project\venv\lib\site-packages\rest_framework\locale\pt_PT\LC_MESSAGES\django.mo first seen with mtime 1717948582.6532567
File C:\Users\USER\Documents\Git\inverter_project\venv\lib\site-packages\rest_framework\locale\ro\LC_MESSAGES\django.mo first seen with mtime 1717948582.701516
File C:\Users\USER\Documents\Git\inverter_project\venv\lib\site-packages\rest_framework\locale\ru\LC_MESSAGES\django.mo first seen with mtime 1717948582.8082054
File C:\Users\USER\Documents\Git\inverter_project\venv\lib\site-packages\rest_framework\locale\ru_RU\LC_MESSAGES\django.mo first seen with mtime 1717948582.960294
File C:\Users\USER\Documents\Git\inverter_project\venv\lib\site-packages\rest_framework\locale\sk\LC_MESSAGES\django.mo first seen with mtime 1717948583.0803008
File C:\Users\USER\Documents\Git\inverter_project\venv\lib\site-packages\rest_framework\locale\sl\LC_MESSAGES\django.mo first seen with mtime 1717948583.1702938
File C:\Users\USER\Documents\Git\inverter_project\venv\lib\site-packages\rest_framework\locale\sv\LC_MESSAGES\django.mo first seen with mtime 1717948583.2402973
File C:\Users\USER\Documents\Git\inverter_project\venv\lib\site-packages\rest_framework\locale\th\LC_MESSAGES\django.mo first seen with mtime 1717948583.2402973
File C:\Users\USER\Documents\Git\inverter_project\venv\lib\site-packages\rest_framework\locale\tr\LC_MESSAGES\django.mo first seen with mtime 1717948583.2503023
File C:\Users\USER\Documents\Git\inverter_project\venv\lib\site-packages\rest_framework\locale\tr_TR\LC_MESSAGES\django.mo first seen with mtime 1717948583.2503023
File C:\Users\USER\Documents\Git\inverter_project\venv\lib\site-packages\rest_framework\locale\uk\LC_MESSAGES\django.mo first seen with mtime 1717948583.260307
File C:\Users\USER\Documents\Git\inverter_project\venv\lib\site-packages\rest_framework\locale\vi\LC_MESSAGES\django.mo first seen with mtime 1717948583.2703044
File C:\Users\USER\Documents\Git\inverter_project\venv\lib\site-packages\rest_framework\locale\zh_CN\LC_MESSAGES\django.mo first seen with mtime 1717948583.2703044
File C:\Users\USER\Documents\Git\inverter_project\venv\lib\site-packages\rest_framework\locale\zh_Hans\LC_MESSAGES\django.mo first seen with mtime 1717948583.2703044
File C:\Users\USER\Documents\Git\inverter_project\venv\lib\site-packages\rest_framework\locale\zh_Hant\LC_MESSAGES\django.mo first seen with mtime 1717948583.513298
File C:\Users\USER\Documents\Git\inverter_project\venv\lib\site-packages\rest_framework\locale\zh_TW\LC_MESSAGES\django.mo first seen with mtime 1717948583.6132944
File C:\Users\USER\Documents\Git\inverter_project\inverter_project\api\migrations\__init__.py first seen with mtime 1718026081.2504082
File C:\Users\USER\Documents\Git\inverter_project\venv\Lib\site-packages\django\contrib\staticfiles\storage.py first seen with mtime 1718021030.7397628
File C:\Users\USER\Documents\Git\inverter_project\venv\Lib\site-packages\django\contrib\auth\migrations\0011_update_proxy_permissions.py first seen with mtime 1718021008.9092867
File C:\Users\USER\Documents\Git\inverter_project\inverter_project\power_calculator\migrations\0008_calculation_appliance.py first seen with mtime 1718216846.6322
File C:\Users\USER\Documents\Git\inverter_project\venv\Lib\site-packages\django\contrib\auth\migrations\0007_alter_validators_add_error_messages.py first seen with mtime 1718021008.8992782
File C:\Users\USER\Documents\Git\inverter_project\inverter_project\power_calculator\migrations\0005_rename_inverter_power_calculation_inverter_rating_and_more.py first seen with mtime 1718131538.3628402
File C:\Users\USER\Documents\Git\inverter_project\venv\Lib\site-packages\django\middleware\common.py first seen with mtime 1718021032.898395
File C:\Users\USER\Documents\Git\inverter_project\inverter_project\power_calculator\migrations\0017_alter_calculation_inverter_rating_and_more.py first seen with mtime 1718274223.5370564
File C:\Users\USER\Documents\Git\inverter_project\venv\Lib\site-packages\django\contrib\sessions\migrations\__init__.py first seen with mtime 1718021026.6428568
File C:\Users\USER\Documents\Git\inverter_project\venv\Lib\site-packages\django\db\migrations\graph.py first seen with mtime 1718021032.342886
File C:\Users\USER\Documents\Git\inverter_project\inverter_project\power_calculator\migrations\0003_alter_calculation_options_and_more.py first seen with mtime 1718107512.9202914
File C:\Users\USER\Documents\Git\inverter_project\inverter_project\power_calculator\migrations\0013_remove_appliance_power_rating_and_more.py first seen with mtime 1718220052.5654912
File C:\Users\USER\Documents\Git\inverter_project\inverter_project\power_calculator\migrations\0010_remove_calculation_backup_time_and_more.py first seen with mtime 1718219047.476409
File C:\Users\USER\Documents\Git\inverter_project\venv\Lib\site-packages\django\contrib\auth\migrations\0001_initial.py first seen with mtime 1718021008.8730597
File C:\Users\USER\Documents\Git\inverter_project\venv\Lib\site-packages\django\contrib\auth\migrations\0009_alter_user_last_name_max_length.py first seen with mtime 1718021008.9092867
File C:\Users\USER\Documents\Git\inverter_project\venv\Lib\site-packages\corsheaders\signals.py first seen with mtime 1719161005.6187675
File C:\Users\USER\Documents\Git\inverter_project\inverter_project\power_calculator\migrations\0022_alter_calculation_backup_time_and_more.py first seen with mtime 1719054552.226115
File C:\Users\USER\Documents\Git\inverter_project\inverter_project\power_calculator\migrations\0002_calculation_delete_appliance.py first seen with mtime 1718103496.1272972
File C:\Users\USER\Documents\Git\inverter_project\inverter_project\power_calculator\migrations\0011_remove_calculationitem_backup_time_and_more.py first seen with mtime 1719054477.2154882
File C:\Users\USER\Documents\Git\inverter_project\inverter_project\power_calculator\migrations\0015_alter_calculation_battery_voltage_and_more.py first seen with mtime 1719054491.4187362
File C:\Users\USER\Documents\Git\inverter_project\venv\Lib\site-packages\django\db\migrations\recorder.py first seen with mtime 1718021032.3536286
File C:\Users\USER\Documents\Git\inverter_project\venv\Lib\site-packages\django\contrib\admin\migrations\0002_logentry_remove_auto_add.py first seen with mtime 1718021003.9278798
File C:\Users\USER\Documents\Git\inverter_project\venv\Lib\site-packages\django\contrib\auth\migrations\0003_alter_user_email_max_length.py first seen with mtime 1718021008.896695
File C:\Users\USER\Documents\Git\inverter_project\venv\Lib\site-packages\django\contrib\contenttypes\migrations\0001_initial.py first seen with mtime 1718021017.153154
File C:\Users\USER\Documents\Git\inverter_project\venv\Lib\site-packages\whitenoise\responders.py first seen with mtime 1718720500.6534612
File C:\Users\USER\Documents\Git\inverter_project\inverter_project\power_calculator\migrations\0016_calculation_solar_panel_watt_and_more.py first seen with mtime 1719054499.2083845
File C:\Users\USER\Documents\Git\inverter_project\venv\Lib\site-packages\django\contrib\auth\migrations\0006_require_contenttypes_0002.py first seen with mtime 1718021008.8992782
File C:\Users\USER\Documents\Git\inverter_project\inverter_project\power_calculator\migrations\0018_rename_total_solar_panel_capacity_calculation_total_solar_panel_capacity_needed.py first seen with mtime 1718277643.2222328
File C:\Users\USER\Documents\Git\inverter_project\inverter_project\power_calculator\migrations\0020_rename_battery_voltage_calculation_system_voltage.py first seen with mtime 1718304982.7504666
File C:\Users\USER\Documents\Git\inverter_project\venv\Lib\site-packages\whitenoise\string_utils.py first seen with mtime 1718720500.697463
File C:\Users\USER\Documents\Git\inverter_project\venv\Lib\site-packages\django\contrib\messages\middleware.py first seen with mtime 1718021020.8853998
File C:\Users\USER\Documents\Git\inverter_project\venv\Lib\site-packages\django\contrib\sessions\backends\base.py first seen with mtime 1718021022.3520136
File C:\Users\USER\Documents\Git\inverter_project\venv\Lib\site-packages\whitenoise\base.py first seen with mtime 1718720500.5994625
File C:\Users\USER\Documents\Git\inverter_project\venv\Lib\site-packages\django\contrib\sessions\middleware.py first seen with mtime 1718021022.3440168
File C:\Users\USER\Documents\Git\inverter_project\venv\Lib\site-packages\django\contrib\sessions\backends\__init__.py first seen with mtime 1718021022.3490157
File C:\Users\USER\Documents\Git\inverter_project\venv\Lib\site-packages\whitenoise\__init__.py first seen with mtime 1718720500.5264673
File C:\Users\USER\Documents\Git\inverter_project\venv\Lib\site-packages\django\contrib\sessions\exceptions.py first seen with mtime 1718021022.3087792
File C:\Users\USER\Documents\Git\inverter_project\venv\Lib\site-packages\django\contrib\auth\migrations\__init__.py first seen with mtime 1718021008.9092867
File C:\Users\USER\Documents\Git\inverter_project\venv\Lib\site-packages\whitenoise\media_types.py first seen with mtime 1718720500.610463
File C:\Users\USER\Documents\Git\inverter_project\inverter_project\power_calculator\migrations\0004_calculation_backup_time.py first seen with mtime 1718129671.4978907
File C:\Users\USER\Documents\Git\inverter_project\inverter_project\power_calculator\migrations\0012_remove_appliance_power_calcu_id_72e218_idx_and_more.py first seen with mtime 1718219466.385254
File C:\Users\USER\Documents\Git\inverter_project\venv\Lib\site-packages\django\contrib\admin\migrations\0003_logentry_add_action_flag_choices.py first seen with mtime 1718021003.9278798
File C:\Users\USER\Documents\Git\inverter_project\venv\Lib\site-packages\corsheaders\middleware.py first seen with mtime 1719161005.6037042
File C:\Users\USER\Documents\Git\inverter_project\venv\Lib\site-packages\django\contrib\auth\migrations\0008_alter_user_username_max_length.py first seen with mtime 1718021008.8992782
File C:\Users\USER\Documents\Git\inverter_project\venv\Lib\site-packages\whitenoise\middleware.py first seen with mtime 1718720500.651462
File C:\Users\USER\Documents\Git\inverter_project\inverter_project\power_calculator\migrations\0006_calculation_battery_capacity.py first seen with mtime 1718180740.2798316
File C:\Users\USER\Documents\Git\inverter_project\venv\Lib\site-packages\django\db\migrations\executor.py first seen with mtime 1718021032.3408842
File C:\Users\USER\Documents\Git\inverter_project\venv\Lib\site-packages\django\contrib\auth\migrations\0004_alter_user_username_opts.py first seen with mtime 1718021008.8992782
File C:\Users\USER\Documents\Git\inverter_project\venv\Lib\site-packages\django\contrib\contenttypes\migrations\__init__.py first seen with mtime 1718021017.1719773
File C:\Users\USER\Documents\Git\inverter_project\venv\Lib\site-packages\django\contrib\auth\migrations\0012_alter_user_first_name_max_length.py first seen with mtime 1718021008.9092867
File C:\Users\USER\Documents\Git\inverter_project\inverter_project\power_calculator\migrations\__init__.py first seen with mtime 1717948652.3863642
File C:\Users\USER\Documents\Git\inverter_project\inverter_project\power_calculator\migrations\0001_initial.py first seen with mtime 1718019120.696199
File C:\Users\USER\Documents\Git\inverter_project\inverter_project\power_calculator\migrations\0014_calculation_battery_voltage_and_more.py first seen with mtime 1718223758.3231544
File C:\Users\USER\Documents\Git\inverter_project\venv\Lib\site-packages\django\contrib\sessions\migrations\0001_initial.py first seen with mtime 1718021026.5105097
File C:\Users\USER\Documents\Git\inverter_project\venv\Lib\site-packages\django\contrib\auth\migrations\0005_alter_user_last_login_null.py first seen with mtime 1718021008.8992782
File C:\Users\USER\Documents\Git\inverter_project\inverter_project\power_calculator\migrations\0019_alter_calculation_numbers_of_solar_panel.py first seen with mtime 1718280548.8657527
File C:\Users\USER\Documents\Git\inverter_project\venv\Lib\site-packages\django\contrib\auth\migrations\0002_alter_permission_name_max_length.py first seen with mtime 1718021008.8730597
File C:\Users\USER\Documents\Git\inverter_project\venv\Lib\site-packages\django\db\migrations\loader.py first seen with mtime 1718021032.3448856
File C:\Users\USER\Documents\Git\inverter_project\venv\Lib\site-packages\django\contrib\admin\migrations\__init__.py first seen with mtime 1718021003.9357822
File C:\Users\USER\Documents\Git\inverter_project\venv\Lib\site-packages\django\contrib\admin\migrations\0001_initial.py first seen with mtime 1718021003.9278798
File C:\Users\USER\Documents\Git\inverter_project\venv\Lib\site-packages\django\contrib\contenttypes\migrations\0002_remove_content_type_name.py first seen with mtime 1718021017.170444
File C:\Users\USER\Documents\Git\inverter_project\inverter_project\power_calculator\migrations\0009_calculationitem.py first seen with mtime 1719054546.8002086
File C:\Users\USER\Documents\Git\inverter_project\inverter_project\power_calculator\migrations\0021_alter_calculation_battery_capacity.py first seen with mtime 1719054507.4221444
File C:\Users\USER\Documents\Git\inverter_project\inverter_project\power_calculator\migrations\0007_appliance.py first seen with mtime 1718216349.8826063
File C:\Users\USER\Documents\Git\inverter_project\venv\Lib\site-packages\django\contrib\auth\migrations\0010_alter_group_name_max_length.py first seen with mtime 1718021008.9092867
File C:\Users\USER\Documents\Git\inverter_project\venv\Lib\site-packages\django\db\models\sql\compiler.py first seen with mtime 1718021032.5246654
File C:\Users\USER\Documents\Git\inverter_project\inverter_project\inverter_project\wsgi.py first seen with mtime 1729180148.275377
File C:\Users\USER\Documents\Git\inverter_project\venv\Lib\site-packages\django\middleware\clickjacking.py first seen with mtime 1718021032.8963952
File C:\Users\USER\Documents\Git\inverter_project\venv\Lib\site-packages\django\contrib\sessions\backends\db.py first seen with mtime 1718021022.35797
File C:\Users\USER\Documents\Git\inverter_project\venv\Lib\site-packages\django\contrib\sessions\serializers.py first seen with mtime 1718021022.3480163
File C:\Users\USER\Documents\Git\inverter_project\venv\Lib\site-packages\django\contrib\messages\storage\cookie.py first seen with mtime 1718021020.914122
File C:\Users\USER\Documents\Git\inverter_project\venv\Lib\site-packages\django\contrib\messages\storage\fallback.py first seen with mtime 1718021020.916123
File C:\Users\USER\Documents\Git\inverter_project\venv\Lib\site-packages\django\contrib\messages\storage\session.py first seen with mtime 1718021020.9181218
"GET /admin HTTP/1.1" 301 0
File C:\Users\USER\Documents\Git\inverter_project\venv\Lib\site-packages\django\template\context_processors.py first seen with mtime 1718021032.9315615
File C:\Users\USER\Documents\Git\inverter_project\venv\Lib\site-packages\django\contrib\messages\context_processors.py first seen with mtime 1718021020.8833995
"GET /admin/ HTTP/1.1" 302 0
File C:\Users\USER\Documents\Git\inverter_project\venv\Lib\site-packages\django\contrib\auth\views.py first seen with mtime 1718021007.9469085
Exception while resolving variable 'dark_mode_theme' in template 'admin/login.html'.
Traceback (most recent call last):
  File "C:\Users\USER\Documents\Git\inverter_project\venv\lib\site-packages\django\template\base.py", line 880, in _resolve_lookup
    current = current[bit]
KeyError: 'dark_mode_theme'

During handling of the above exception, another exception occurred:

Traceback (most recent call last):
  File "C:\Users\USER\Documents\Git\inverter_project\venv\lib\site-packages\django\template\base.py", line 890, in _resolve_lookup
    current = getattr(current, bit)
AttributeError: 'dict' object has no attribute 'dark_mode_theme'

During handling of the above exception, another exception occurred:

Traceback (most recent call last):
  File "C:\Users\USER\Documents\Git\inverter_project\venv\lib\site-packages\django\template\base.py", line 896, in _resolve_lookup
    current = current[int(bit)]
ValueError: invalid literal for int() with base 10: 'dark_mode_theme'

During handling of the above exception, another exception occurred:

Traceback (most recent call last):
  File "C:\Users\USER\Documents\Git\inverter_project\venv\lib\site-packages\django\template\base.py", line 903, in _resolve_lookup
    raise VariableDoesNotExist(
django.template.base.VariableDoesNotExist: Failed lookup for key [dark_mode_theme] in {'raw': {'navbar_small_text': False, 'footer_small_text': False, 'body_small_text': False, 'brand_small_text': False, 'brand_colour': False, 'accent': 'accent-primary', 'navbar': 'navbar-white navbar-light', 'no_navbar_border': False, 'navbar_fixed': False, 'layout_boxed': False, 'footer_fixed': False, 'sidebar_fixed': False, 'sidebar': 'sidebar-dark-primary', 'sidebar_nav_small_text': False, 'sidebar_disable_expand': False, 'sidebar_nav_child_indent': False, 'sidebar_nav_compact_style': False, 'sidebar_nav_legacy_style': False, 'sidebar_nav_flat_style': False, 'theme': 'default', 'dark_mode_theme': None, 'button_classes': {'primary': 'btn-primary', 'secondary': 'btn-secondary', 'info': 'btn-info', 'warning': 'btn-warning', 'danger': 'btn-danger', 'success': 'btn-success'}}, 'theme': {'name': 'default', 'src': '/static/vendor/bootswatch/default/bootstrap.min.css'}, 'sidebar_classes': 'sidebar-dark-primary', 'navbar_classes': 'navbar-white navbar-light', 'body_classes': 'accent-primary theme-default', 'actions_classes': '', 'sidebar_list_classes': '', 'brand_classes': '', 'footer_classes': '', 'button_classes': {'primary': 'btn-primary', 'secondary': 'btn-secondary', 'info': 'btn-info', 'warning': 'btn-warning', 'danger': 'btn-danger', 'success': 'btn-success'}}
"GET /admin/login/?next=/admin/ HTTP/1.1" 200 3065
"GET /static/jazzmin/css/main.css HTTP/1.1" 200 16969
"GET /static/vendor/fontawesome-free/css/all.min.css HTTP/1.1" 200 59344
- Broken pipe from ('127.0.0.1', 50537)
"GET /static/vendor/adminlte/img/AdminLTELogo.png HTTP/1.1" 200 2637
File C:\Users\USER\Documents\Git\inverter_project\venv\Lib\site-packages\whitenoise\storage.py first seen with mtime 1718720500.6554637
File C:\Users\USER\Documents\Git\inverter_project\venv\Lib\site-packages\whitenoise\compress.py first seen with mtime 1718720500.6024606
File C:\Users\USER\Documents\Git\inverter_project\venv\Lib\site-packages\django\contrib\admin\forms.py first seen with mtime 1718021002.2535439
"GET /static/admin/js/vendor/jquery/jquery.js HTTP/1.1" 200 292458
"GET /static/vendor/bootstrap/js/bootstrap.min.js HTTP/1.1" 200 62440
"GET /static/vendor/adminlte/js/adminlte.min.js HTTP/1.1" 200 44244
"GET /static/vendor/adminlte/css/adminlte.min.css HTTP/1.1" 200 1382975
"GET /static/vendor/fontawesome-free/webfonts/fa-solid-900.woff2 HTTP/1.1" 200 78196
Exception while resolving variable 'dark_mode_theme' in template 'admin/login.html'.
Traceback (most recent call last):
  File "C:\Users\USER\Documents\Git\inverter_project\venv\lib\site-packages\django\template\base.py", line 880, in _resolve_lookup
    current = current[bit]
KeyError: 'dark_mode_theme'

During handling of the above exception, another exception occurred:

Traceback (most recent call last):
  File "C:\Users\USER\Documents\Git\inverter_project\venv\lib\site-packages\django\template\base.py", line 890, in _resolve_lookup
    current = getattr(current, bit)
AttributeError: 'dict' object has no attribute 'dark_mode_theme'

During handling of the above exception, another exception occurred:

Traceback (most recent call last):
  File "C:\Users\USER\Documents\Git\inverter_project\venv\lib\site-packages\django\template\base.py", line 896, in _resolve_lookup
    current = current[int(bit)]
ValueError: invalid literal for int() with base 10: 'dark_mode_theme'

During handling of the above exception, another exception occurred:

Traceback (most recent call last):
  File "C:\Users\USER\Documents\Git\inverter_project\venv\lib\site-packages\django\template\base.py", line 903, in _resolve_lookup
    raise VariableDoesNotExist(
django.template.base.VariableDoesNotExist: Failed lookup for key [dark_mode_theme] in {'raw': {'navbar_small_text': False, 'footer_small_text': False, 'body_small_text': False, 'brand_small_text': False, 'brand_colour': False, 'accent': 'accent-primary', 'navbar': 'navbar-white navbar-light', 'no_navbar_border': False, 'navbar_fixed': False, 'layout_boxed': False, 'footer_fixed': False, 'sidebar_fixed': False, 'sidebar': 'sidebar-dark-primary', 'sidebar_nav_small_text': False, 'sidebar_disable_expand': False, 'sidebar_nav_child_indent': False, 'sidebar_nav_compact_style': False, 'sidebar_nav_legacy_style': False, 'sidebar_nav_flat_style': False, 'theme': 'default', 'dark_mode_theme': None, 'button_classes': {'primary': 'btn-primary', 'secondary': 'btn-secondary', 'info': 'btn-info', 'warning': 'btn-warning', 'danger': 'btn-danger', 'success': 'btn-success'}}, 'theme': {'name': 'default', 'src': '/static/vendor/bootswatch/default/bootstrap.min.css'}, 'sidebar_classes': 'sidebar-dark-primary', 'navbar_classes': 'navbar-white navbar-light', 'body_classes': 'accent-primary theme-default', 'actions_classes': '', 'sidebar_list_classes': '', 'brand_classes': '', 'footer_classes': '', 'button_classes': {'primary': 'btn-primary', 'secondary': 'btn-secondary', 'info': 'btn-info', 'warning': 'btn-warning', 'danger': 'btn-danger', 'success': 'btn-success'}}
"POST /admin/login/?next=/admin/ HTTP/1.1" 200 3388
"POST /admin/login/?next=/admin/ HTTP/1.1" 302 0
Exception while resolving variable 'dark_mode_theme' in template 'admin/index.html'.
Traceback (most recent call last):
  File "C:\Users\USER\Documents\Git\inverter_project\venv\lib\site-packages\django\template\base.py", line 880, in _resolve_lookup
    current = current[bit]
KeyError: 'dark_mode_theme'

During handling of the above exception, another exception occurred:

Traceback (most recent call last):
  File "C:\Users\USER\Documents\Git\inverter_project\venv\lib\site-packages\django\template\base.py", line 890, in _resolve_lookup
    current = getattr(current, bit)
AttributeError: 'dict' object has no attribute 'dark_mode_theme'

During handling of the above exception, another exception occurred:

Traceback (most recent call last):
  File "C:\Users\USER\Documents\Git\inverter_project\venv\lib\site-packages\django\template\base.py", line 896, in _resolve_lookup
    current = current[int(bit)]
ValueError: invalid literal for int() with base 10: 'dark_mode_theme'

During handling of the above exception, another exception occurred:

Traceback (most recent call last):
  File "C:\Users\USER\Documents\Git\inverter_project\venv\lib\site-packages\django\template\base.py", line 903, in _resolve_lookup
    raise VariableDoesNotExist(
django.template.base.VariableDoesNotExist: Failed lookup for key [dark_mode_theme] in {'raw': {'navbar_small_text': False, 'footer_small_text': False, 'body_small_text': False, 'brand_small_text': False, 'brand_colour': False, 'accent': 'accent-primary', 'navbar': 'navbar-white navbar-light', 'no_navbar_border': False, 'navbar_fixed': False, 'layout_boxed': False, 'footer_fixed': False, 'sidebar_fixed': False, 'sidebar': 'sidebar-dark-primary', 'sidebar_nav_small_text': False, 'sidebar_disable_expand': False, 'sidebar_nav_child_indent': False, 'sidebar_nav_compact_style': False, 'sidebar_nav_legacy_style': False, 'sidebar_nav_flat_style': False, 'theme': 'default', 'dark_mode_theme': None, 'button_classes': {'primary': 'btn-primary', 'secondary': 'btn-secondary', 'info': 'btn-info', 'warning': 'btn-warning', 'danger': 'btn-danger', 'success': 'btn-success'}}, 'theme': {'name': 'default', 'src': '/static/vendor/bootswatch/default/bootstrap.min.css'}, 'sidebar_classes': 'sidebar-dark-primary', 'navbar_classes': 'navbar-white navbar-light', 'body_classes': 'accent-primary theme-default', 'actions_classes': '', 'sidebar_list_classes': '', 'brand_classes': '', 'footer_classes': '', 'button_classes': {'primary': 'btn-primary', 'secondary': 'btn-secondary', 'info': 'btn-info', 'warning': 'btn-warning', 'danger': 'btn-danger', 'success': 'btn-success'}}
Exception while resolving variable 'dark_mode_theme' in template 'admin/index.html'.
Traceback (most recent call last):
  File "C:\Users\USER\Documents\Git\inverter_project\venv\lib\site-packages\django\template\base.py", line 880, in _resolve_lookup
    current = current[bit]
KeyError: 'dark_mode_theme'

During handling of the above exception, another exception occurred:

Traceback (most recent call last):
  File "C:\Users\USER\Documents\Git\inverter_project\venv\lib\site-packages\django\template\base.py", line 890, in _resolve_lookup
    current = getattr(current, bit)
AttributeError: 'dict' object has no attribute 'dark_mode_theme'

During handling of the above exception, another exception occurred:

Traceback (most recent call last):
  File "C:\Users\USER\Documents\Git\inverter_project\venv\lib\site-packages\django\template\base.py", line 896, in _resolve_lookup
    current = current[int(bit)]
ValueError: invalid literal for int() with base 10: 'dark_mode_theme'

During handling of the above exception, another exception occurred:

Traceback (most recent call last):
  File "C:\Users\USER\Documents\Git\inverter_project\venv\lib\site-packages\django\template\base.py", line 903, in _resolve_lookup
    raise VariableDoesNotExist(
django.template.base.VariableDoesNotExist: Failed lookup for key [dark_mode_theme] in {'raw': {'navbar_small_text': False, 'footer_small_text': False, 'body_small_text': False, 'brand_small_text': False, 'brand_colour': False, 'accent': 'accent-primary', 'navbar': 'navbar-white navbar-light', 'no_navbar_border': False, 'navbar_fixed': False, 'layout_boxed': False, 'footer_fixed': False, 'sidebar_fixed': False, 'sidebar': 'sidebar-dark-primary', 'sidebar_nav_small_text': False, 'sidebar_disable_expand': False, 'sidebar_nav_child_indent': False, 'sidebar_nav_compact_style': False, 'sidebar_nav_legacy_style': False, 'sidebar_nav_flat_style': False, 'theme': 'default', 'dark_mode_theme': None, 'button_classes': {'primary': 'btn-primary', 'secondary': 'btn-secondary', 'info': 'btn-info', 'warning': 'btn-warning', 'danger': 'btn-danger', 'success': 'btn-success'}}, 'theme': {'name': 'default', 'src': '/static/vendor/bootswatch/default/bootstrap.min.css'}, 'sidebar_classes': 'sidebar-dark-primary', 'navbar_classes': 'navbar-white navbar-light', 'body_classes': 'accent-primary theme-default', 'actions_classes': '', 'sidebar_list_classes': '', 'brand_classes': '', 'footer_classes': '', 'button_classes': {'primary': 'btn-primary', 'secondary': 'btn-secondary', 'info': 'btn-info', 'warning': 'btn-warning', 'danger': 'btn-danger', 'success': 'btn-success'}}
File C:\Users\USER\Documents\Git\inverter_project\venv\Lib\site-packages\tzdata\__init__.py first seen with mtime 1717948319.5298455
File C:\Users\USER\Documents\Git\inverter_project\venv\Lib\site-packages\tzdata\zoneinfo\__init__.py first seen with mtime 1717948319.67985
Exception while resolving variable 'custom' in template 'admin/index.html'.
Traceback (most recent call last):
  File "C:\Users\USER\Documents\Git\inverter_project\venv\lib\site-packages\django\template\base.py", line 880, in _resolve_lookup
    current = current[bit]
KeyError: 'custom'

During handling of the above exception, another exception occurred:

Traceback (most recent call last):
  File "C:\Users\USER\Documents\Git\inverter_project\venv\lib\site-packages\django\template\base.py", line 890, in _resolve_lookup
    current = getattr(current, bit)
AttributeError: 'dict' object has no attribute 'custom'

During handling of the above exception, another exception occurred:

Traceback (most recent call last):
  File "C:\Users\USER\Documents\Git\inverter_project\venv\lib\site-packages\django\template\base.py", line 896, in _resolve_lookup
    current = current[int(bit)]
ValueError: invalid literal for int() with base 10: 'custom'

During handling of the above exception, another exception occurred:

Traceback (most recent call last):
  File "C:\Users\USER\Documents\Git\inverter_project\venv\lib\site-packages\django\template\base.py", line 903, in _resolve_lookup
    raise VariableDoesNotExist(
django.template.base.VariableDoesNotExist: Failed lookup for key [custom] in {'model': <class 'django.contrib.auth.models.Group'>, 'name': 'Groups', 'object_name': 'Group', 'perms': {'add': True, 'change': True, 'delete': True, 'view': True}, 'admin_url': '/admin/auth/group/', 'add_url': '/admin/auth/group/add/', 'view_only': False, 'url': '/admin/auth/group/', 'model_str': 'auth.group', 'icon': 'fas fa-users'}
Exception while resolving variable 'custom' in template 'admin/index.html'.
Traceback (most recent call last):
  File "C:\Users\USER\Documents\Git\inverter_project\venv\lib\site-packages\django\template\base.py", line 880, in _resolve_lookup
    current = current[bit]
KeyError: 'custom'

During handling of the above exception, another exception occurred:

Traceback (most recent call last):
  File "C:\Users\USER\Documents\Git\inverter_project\venv\lib\site-packages\django\template\base.py", line 890, in _resolve_lookup
    current = getattr(current, bit)
AttributeError: 'dict' object has no attribute 'custom'

During handling of the above exception, another exception occurred:

Traceback (most recent call last):
  File "C:\Users\USER\Documents\Git\inverter_project\venv\lib\site-packages\django\template\base.py", line 896, in _resolve_lookup
    current = current[int(bit)]
ValueError: invalid literal for int() with base 10: 'custom'

During handling of the above exception, another exception occurred:

Traceback (most recent call last):
  File "C:\Users\USER\Documents\Git\inverter_project\venv\lib\site-packages\django\template\base.py", line 903, in _resolve_lookup
    raise VariableDoesNotExist(
django.template.base.VariableDoesNotExist: Failed lookup for key [custom] in {'model': <class 'django.contrib.auth.models.User'>, 'name': 'Users', 'object_name': 'User', 'perms': {'add': True, 'change': True, 'delete': True, 'view': True}, 'admin_url': '/admin/auth/user/', 'add_url': '/admin/auth/user/add/', 'view_only': False, 'url': '/admin/auth/user/', 'model_str': 'auth.user', 'icon': 'fas fa-user'}
Exception while resolving variable 'custom' in template 'admin/index.html'.
Traceback (most recent call last):
  File "C:\Users\USER\Documents\Git\inverter_project\venv\lib\site-packages\django\template\base.py", line 880, in _resolve_lookup
    current = current[bit]
KeyError: 'custom'

During handling of the above exception, another exception occurred:

Traceback (most recent call last):
  File "C:\Users\USER\Documents\Git\inverter_project\venv\lib\site-packages\django\template\base.py", line 890, in _resolve_lookup
    current = getattr(current, bit)
AttributeError: 'dict' object has no attribute 'custom'

During handling of the above exception, another exception occurred:

Traceback (most recent call last):
  File "C:\Users\USER\Documents\Git\inverter_project\venv\lib\site-packages\django\template\base.py", line 896, in _resolve_lookup
    current = current[int(bit)]
ValueError: invalid literal for int() with base 10: 'custom'

During handling of the above exception, another exception occurred:

Traceback (most recent call last):
  File "C:\Users\USER\Documents\Git\inverter_project\venv\lib\site-packages\django\template\base.py", line 903, in _resolve_lookup
    raise VariableDoesNotExist(
django.template.base.VariableDoesNotExist: Failed lookup for key [custom] in {'model': <class 'power_calculator.models.Appliance'>, 'name': 'Appliances', 'object_name': 'Appliance', 'perms': {'add': True, 'change': True, 'delete': True, 'view': True}, 'admin_url': '/admin/power_calculator/appliance/', 'add_url': '/admin/power_calculator/appliance/add/', 'view_only': False, 'url': '/admin/power_calculator/appliance/', 'model_str': 'power_calculator.appliance', 'icon': 'fas fa-circle'}
Exception while resolving variable 'custom' in template 'admin/index.html'.
Traceback (most recent call last):
  File "C:\Users\USER\Documents\Git\inverter_project\venv\lib\site-packages\django\template\base.py", line 880, in _resolve_lookup
    current = current[bit]
KeyError: 'custom'

During handling of the above exception, another exception occurred:

Traceback (most recent call last):
  File "C:\Users\USER\Documents\Git\inverter_project\venv\lib\site-packages\django\template\base.py", line 890, in _resolve_lookup
    current = getattr(current, bit)
AttributeError: 'dict' object has no attribute 'custom'

During handling of the above exception, another exception occurred:

Traceback (most recent call last):
  File "C:\Users\USER\Documents\Git\inverter_project\venv\lib\site-packages\django\template\base.py", line 896, in _resolve_lookup
    current = current[int(bit)]
ValueError: invalid literal for int() with base 10: 'custom'

During handling of the above exception, another exception occurred:

Traceback (most recent call last):
  File "C:\Users\USER\Documents\Git\inverter_project\venv\lib\site-packages\django\template\base.py", line 903, in _resolve_lookup
    raise VariableDoesNotExist(
django.template.base.VariableDoesNotExist: Failed lookup for key [custom] in {'model': <class 'power_calculator.models.Calculation'>, 'name': 'Calculations', 'object_name': 'Calculation', 'perms': {'add': True, 'change': True, 'delete': True, 'view': True}, 'admin_url': '/admin/power_calculator/calculation/', 'add_url': '/admin/power_calculator/calculation/add/', 'view_only': False, 'url': '/admin/power_calculator/calculation/', 'model_str': 'power_calculator.calculation', 'icon': 'fas fa-circle'}
"GET /admin/ HTTP/1.1" 200 15324
"GET /static/vendor/fontawesome-free/css/all.min.css HTTP/1.1" 304 0
"GET /static/vendor/adminlte/css/adminlte.min.css HTTP/1.1" 304 0
"GET /static/jazzmin/css/main.css HTTP/1.1" 304 0
"GET /static/vendor/adminlte/img/AdminLTELogo.png HTTP/1.1" 304 0
"GET /static/admin/js/vendor/jquery/jquery.js HTTP/1.1" 304 0
"GET /static/vendor/bootstrap/js/bootstrap.min.js HTTP/1.1" 304 0
"GET /static/vendor/adminlte/js/adminlte.min.js HTTP/1.1" 304 0
"GET /static/jazzmin/js/main.js HTTP/1.1" 200 2391
"GET /static/vendor/fontawesome-free/webfonts/fa-regular-400.woff2 HTTP/1.1" 200 13276
File C:\Users\USER\Documents\Git\inverter_project\venv\Lib\site-packages\django\conf\locale\en\formats.py first seen with mtime 1718021000.4289594
File C:\Users\USER\Documents\Git\inverter_project\venv\Lib\site-packages\django\conf\locale\en\__init__.py first seen with mtime 1718021000.4269576
Exception while resolving variable 'dark_mode_theme' in template 'admin/change_list.html'.
Traceback (most recent call last):
  File "C:\Users\USER\Documents\Git\inverter_project\venv\lib\site-packages\django\template\base.py", line 880, in _resolve_lookup
    current = current[bit]
KeyError: 'dark_mode_theme'

During handling of the above exception, another exception occurred:

Traceback (most recent call last):
  File "C:\Users\USER\Documents\Git\inverter_project\venv\lib\site-packages\django\template\base.py", line 890, in _resolve_lookup
    current = getattr(current, bit)
AttributeError: 'dict' object has no attribute 'dark_mode_theme'

During handling of the above exception, another exception occurred:

Traceback (most recent call last):
  File "C:\Users\USER\Documents\Git\inverter_project\venv\lib\site-packages\django\template\base.py", line 896, in _resolve_lookup
    current = current[int(bit)]
ValueError: invalid literal for int() with base 10: 'dark_mode_theme'

During handling of the above exception, another exception occurred:

Traceback (most recent call last):
  File "C:\Users\USER\Documents\Git\inverter_project\venv\lib\site-packages\django\template\base.py", line 903, in _resolve_lookup
    raise VariableDoesNotExist(
django.template.base.VariableDoesNotExist: Failed lookup for key [dark_mode_theme] in {'raw': {'navbar_small_text': False, 'footer_small_text': False, 'body_small_text': False, 'brand_small_text': False, 'brand_colour': False, 'accent': 'accent-primary', 'navbar': 'navbar-white navbar-light', 'no_navbar_border': False, 'navbar_fixed': False, 'layout_boxed': False, 'footer_fixed': False, 'sidebar_fixed': False, 'sidebar': 'sidebar-dark-primary', 'sidebar_nav_small_text': False, 'sidebar_disable_expand': False, 'sidebar_nav_child_indent': False, 'sidebar_nav_compact_style': False, 'sidebar_nav_legacy_style': False, 'sidebar_nav_flat_style': False, 'theme': 'default', 'dark_mode_theme': None, 'button_classes': {'primary': 'btn-primary', 'secondary': 'btn-secondary', 'info': 'btn-info', 'warning': 'btn-warning', 'danger': 'btn-danger', 'success': 'btn-success'}}, 'theme': {'name': 'default', 'src': '/static/vendor/bootswatch/default/bootstrap.min.css'}, 'sidebar_classes': 'sidebar-dark-primary', 'navbar_classes': 'navbar-white navbar-light', 'body_classes': 'accent-primary theme-default', 'actions_classes': '', 'sidebar_list_classes': '', 'brand_classes': '', 'footer_classes': '', 'button_classes': {'primary': 'btn-primary', 'secondary': 'btn-secondary', 'info': 'btn-info', 'warning': 'btn-warning', 'danger': 'btn-danger', 'success': 'btn-success'}}
Exception while resolving variable 'dark_mode_theme' in template 'admin/change_list.html'.
Traceback (most recent call last):
  File "C:\Users\USER\Documents\Git\inverter_project\venv\lib\site-packages\django\template\base.py", line 880, in _resolve_lookup
    current = current[bit]
KeyError: 'dark_mode_theme'

During handling of the above exception, another exception occurred:

Traceback (most recent call last):
  File "C:\Users\USER\Documents\Git\inverter_project\venv\lib\site-packages\django\template\base.py", line 890, in _resolve_lookup
    current = getattr(current, bit)
AttributeError: 'dict' object has no attribute 'dark_mode_theme'

During handling of the above exception, another exception occurred:

Traceback (most recent call last):
  File "C:\Users\USER\Documents\Git\inverter_project\venv\lib\site-packages\django\template\base.py", line 896, in _resolve_lookup
    current = current[int(bit)]
ValueError: invalid literal for int() with base 10: 'dark_mode_theme'

During handling of the above exception, another exception occurred:

Traceback (most recent call last):
  File "C:\Users\USER\Documents\Git\inverter_project\venv\lib\site-packages\django\template\base.py", line 903, in _resolve_lookup
    raise VariableDoesNotExist(
django.template.base.VariableDoesNotExist: Failed lookup for key [dark_mode_theme] in {'raw': {'navbar_small_text': False, 'footer_small_text': False, 'body_small_text': False, 'brand_small_text': False, 'brand_colour': False, 'accent': 'accent-primary', 'navbar': 'navbar-white navbar-light', 'no_navbar_border': False, 'navbar_fixed': False, 'layout_boxed': False, 'footer_fixed': False, 'sidebar_fixed': False, 'sidebar': 'sidebar-dark-primary', 'sidebar_nav_small_text': False, 'sidebar_disable_expand': False, 'sidebar_nav_child_indent': False, 'sidebar_nav_compact_style': False, 'sidebar_nav_legacy_style': False, 'sidebar_nav_flat_style': False, 'theme': 'default', 'dark_mode_theme': None, 'button_classes': {'primary': 'btn-primary', 'secondary': 'btn-secondary', 'info': 'btn-info', 'warning': 'btn-warning', 'danger': 'btn-danger', 'success': 'btn-success'}}, 'theme': {'name': 'default', 'src': '/static/vendor/bootswatch/default/bootstrap.min.css'}, 'sidebar_classes': 'sidebar-dark-primary', 'navbar_classes': 'navbar-white navbar-light', 'body_classes': 'accent-primary theme-default', 'actions_classes': '', 'sidebar_list_classes': '', 'brand_classes': '', 'footer_classes': '', 'button_classes': {'primary': 'btn-primary', 'secondary': 'btn-secondary', 'info': 'btn-info', 'warning': 'btn-warning', 'danger': 'btn-danger', 'success': 'btn-success'}}
Exception while resolving variable 'dark_mode_theme' in template 'admin/change_list.html'.
Traceback (most recent call last):
  File "C:\Users\USER\Documents\Git\inverter_project\venv\lib\site-packages\django\template\base.py", line 880, in _resolve_lookup
    current = current[bit]
KeyError: 'dark_mode_theme'

During handling of the above exception, another exception occurred:

Traceback (most recent call last):
  File "C:\Users\USER\Documents\Git\inverter_project\venv\lib\site-packages\django\template\base.py", line 890, in _resolve_lookup
    current = getattr(current, bit)
AttributeError: 'dict' object has no attribute 'dark_mode_theme'

During handling of the above exception, another exception occurred:

Traceback (most recent call last):
  File "C:\Users\USER\Documents\Git\inverter_project\venv\lib\site-packages\django\template\base.py", line 896, in _resolve_lookup
    current = current[int(bit)]
ValueError: invalid literal for int() with base 10: 'dark_mode_theme'

During handling of the above exception, another exception occurred:

Traceback (most recent call last):
  File "C:\Users\USER\Documents\Git\inverter_project\venv\lib\site-packages\django\template\base.py", line 903, in _resolve_lookup
    raise VariableDoesNotExist(
django.template.base.VariableDoesNotExist: Failed lookup for key [dark_mode_theme] in {'raw': {'navbar_small_text': False, 'footer_small_text': False, 'body_small_text': False, 'brand_small_text': False, 'brand_colour': False, 'accent': 'accent-primary', 'navbar': 'navbar-white navbar-light', 'no_navbar_border': False, 'navbar_fixed': False, 'layout_boxed': False, 'footer_fixed': False, 'sidebar_fixed': False, 'sidebar': 'sidebar-dark-primary', 'sidebar_nav_small_text': False, 'sidebar_disable_expand': False, 'sidebar_nav_child_indent': False, 'sidebar_nav_compact_style': False, 'sidebar_nav_legacy_style': False, 'sidebar_nav_flat_style': False, 'theme': 'default', 'dark_mode_theme': None, 'button_classes': {'primary': 'btn-primary', 'secondary': 'btn-secondary', 'info': 'btn-info', 'warning': 'btn-warning', 'danger': 'btn-danger', 'success': 'btn-success'}}, 'theme': {'name': 'default', 'src': '/static/vendor/bootswatch/default/bootstrap.min.css'}, 'sidebar_classes': 'sidebar-dark-primary', 'navbar_classes': 'navbar-white navbar-light', 'body_classes': 'accent-primary theme-default', 'actions_classes': '', 'sidebar_list_classes': '', 'brand_classes': '', 'footer_classes': '', 'button_classes': {'primary': 'btn-primary', 'secondary': 'btn-secondary', 'info': 'btn-info', 'warning': 'btn-warning', 'danger': 'btn-danger', 'success': 'btn-success'}}
Exception while resolving variable 'dark_mode_theme' in template 'admin/change_list.html'.
Traceback (most recent call last):
  File "C:\Users\USER\Documents\Git\inverter_project\venv\lib\site-packages\django\template\base.py", line 880, in _resolve_lookup
    current = current[bit]
KeyError: 'dark_mode_theme'

During handling of the above exception, another exception occurred:

Traceback (most recent call last):
  File "C:\Users\USER\Documents\Git\inverter_project\venv\lib\site-packages\django\template\base.py", line 890, in _resolve_lookup
    current = getattr(current, bit)
AttributeError: 'dict' object has no attribute 'dark_mode_theme'

During handling of the above exception, another exception occurred:

Traceback (most recent call last):
  File "C:\Users\USER\Documents\Git\inverter_project\venv\lib\site-packages\django\template\base.py", line 896, in _resolve_lookup
    current = current[int(bit)]
ValueError: invalid literal for int() with base 10: 'dark_mode_theme'

During handling of the above exception, another exception occurred:

Traceback (most recent call last):
  File "C:\Users\USER\Documents\Git\inverter_project\venv\lib\site-packages\django\template\base.py", line 903, in _resolve_lookup
    raise VariableDoesNotExist(
django.template.base.VariableDoesNotExist: Failed lookup for key [dark_mode_theme] in {'raw': {'navbar_small_text': False, 'footer_small_text': False, 'body_small_text': False, 'brand_small_text': False, 'brand_colour': False, 'accent': 'accent-primary', 'navbar': 'navbar-white navbar-light', 'no_navbar_border': False, 'navbar_fixed': False, 'layout_boxed': False, 'footer_fixed': False, 'sidebar_fixed': False, 'sidebar': 'sidebar-dark-primary', 'sidebar_nav_small_text': False, 'sidebar_disable_expand': False, 'sidebar_nav_child_indent': False, 'sidebar_nav_compact_style': False, 'sidebar_nav_legacy_style': False, 'sidebar_nav_flat_style': False, 'theme': 'default', 'dark_mode_theme': None, 'button_classes': {'primary': 'btn-primary', 'secondary': 'btn-secondary', 'info': 'btn-info', 'warning': 'btn-warning', 'danger': 'btn-danger', 'success': 'btn-success'}}, 'theme': {'name': 'default', 'src': '/static/vendor/bootswatch/default/bootstrap.min.css'}, 'sidebar_classes': 'sidebar-dark-primary', 'navbar_classes': 'navbar-white navbar-light', 'body_classes': 'accent-primary theme-default', 'actions_classes': '', 'sidebar_list_classes': '', 'brand_classes': '', 'footer_classes': '', 'button_classes': {'primary': 'btn-primary', 'secondary': 'btn-secondary', 'info': 'btn-info', 'warning': 'btn-warning', 'danger': 'btn-danger', 'success': 'btn-success'}}
Exception while resolving variable 'sorted' in template 'admin/change_list.html'.
Traceback (most recent call last):
  File "C:\Users\USER\Documents\Git\inverter_project\venv\lib\site-packages\django\template\base.py", line 880, in _resolve_lookup
    current = current[bit]
KeyError: 'sorted'

During handling of the above exception, another exception occurred:

Traceback (most recent call last):
  File "C:\Users\USER\Documents\Git\inverter_project\venv\lib\site-packages\django\template\base.py", line 890, in _resolve_lookup
    current = getattr(current, bit)
AttributeError: 'dict' object has no attribute 'sorted'

During handling of the above exception, another exception occurred:

Traceback (most recent call last):
  File "C:\Users\USER\Documents\Git\inverter_project\venv\lib\site-packages\django\template\base.py", line 896, in _resolve_lookup
    current = current[int(bit)]
ValueError: invalid literal for int() with base 10: 'sorted'

During handling of the above exception, another exception occurred:

Traceback (most recent call last):
  File "C:\Users\USER\Documents\Git\inverter_project\venv\lib\site-packages\django\template\base.py", line 903, in _resolve_lookup
    raise VariableDoesNotExist(
django.template.base.VariableDoesNotExist: Failed lookup for key [sorted] in {'text': '<input type="checkbox" id="action-toggle">', 'class_attrib': ' class="action-checkbox-column"', 'sortable': False}
Exception while resolving variable 'sorted' in template 'admin/change_list.html'.
Traceback (most recent call last):
  File "C:\Users\USER\Documents\Git\inverter_project\venv\lib\site-packages\django\template\base.py", line 880, in _resolve_lookup
    current = current[bit]
KeyError: 'sorted'

During handling of the above exception, another exception occurred:

Traceback (most recent call last):
  File "C:\Users\USER\Documents\Git\inverter_project\venv\lib\site-packages\django\template\base.py", line 890, in _resolve_lookup
    current = getattr(current, bit)
AttributeError: 'dict' object has no attribute 'sorted'

During handling of the above exception, another exception occurred:

Traceback (most recent call last):
  File "C:\Users\USER\Documents\Git\inverter_project\venv\lib\site-packages\django\template\base.py", line 896, in _resolve_lookup
    current = current[int(bit)]
ValueError: invalid literal for int() with base 10: 'sorted'

During handling of the above exception, another exception occurred:

Traceback (most recent call last):
  File "C:\Users\USER\Documents\Git\inverter_project\venv\lib\site-packages\django\template\base.py", line 903, in _resolve_lookup
    raise VariableDoesNotExist(
django.template.base.VariableDoesNotExist: Failed lookup for key [sorted] in {'text': '<input type="checkbox" id="action-toggle">', 'class_attrib': ' class="action-checkbox-column"', 'sortable': False}
Exception while resolving variable 'filter_input_length' in template 'admin/change_list.html'.
Traceback (most recent call last):
  File "C:\Users\USER\Documents\Git\inverter_project\venv\lib\site-packages\django\template\base.py", line 880, in _resolve_lookup
    current = current[bit]
TypeError: 'CalculationAdmin' object is not subscriptable

During handling of the above exception, another exception occurred:

Traceback (most recent call last):
  File "C:\Users\USER\Documents\Git\inverter_project\venv\lib\site-packages\django\template\base.py", line 890, in _resolve_lookup
    current = getattr(current, bit)
AttributeError: 'CalculationAdmin' object has no attribute 'filter_input_length'

During handling of the above exception, another exception occurred:

Traceback (most recent call last):
  File "C:\Users\USER\Documents\Git\inverter_project\venv\lib\site-packages\django\template\base.py", line 896, in _resolve_lookup
    current = current[int(bit)]
ValueError: invalid literal for int() with base 10: 'filter_input_length'

During handling of the above exception, another exception occurred:

Traceback (most recent call last):
  File "C:\Users\USER\Documents\Git\inverter_project\venv\lib\site-packages\django\template\base.py", line 903, in _resolve_lookup
    raise VariableDoesNotExist(
django.template.base.VariableDoesNotExist: Failed lookup for key [filter_input_length] in <CalculationAdmin: model=Calculation site=AdminSite(name='admin')>
- Broken pipe from ('127.0.0.1', 50550)
Exception while resolving variable 'filter_input_length' in template 'admin/change_list.html'.
Traceback (most recent call last):
  File "C:\Users\USER\Documents\Git\inverter_project\venv\lib\site-packages\django\template\base.py", line 880, in _resolve_lookup
    current = current[bit]
TypeError: 'CalculationAdmin' object is not subscriptable

During handling of the above exception, another exception occurred:

Traceback (most recent call last):
  File "C:\Users\USER\Documents\Git\inverter_project\venv\lib\site-packages\django\template\base.py", line 890, in _resolve_lookup
    current = getattr(current, bit)
AttributeError: 'CalculationAdmin' object has no attribute 'filter_input_length'

During handling of the above exception, another exception occurred:

Traceback (most recent call last):
  File "C:\Users\USER\Documents\Git\inverter_project\venv\lib\site-packages\django\template\base.py", line 896, in _resolve_lookup
    current = current[int(bit)]
ValueError: invalid literal for int() with base 10: 'filter_input_length'

During handling of the above exception, another exception occurred:

Traceback (most recent call last):
  File "C:\Users\USER\Documents\Git\inverter_project\venv\lib\site-packages\django\template\base.py", line 903, in _resolve_lookup
    raise VariableDoesNotExist(
django.template.base.VariableDoesNotExist: Failed lookup for key [filter_input_length] in <CalculationAdmin: model=Calculation site=AdminSite(name='admin')>
"GET /admin/power_calculator/calculation/ HTTP/1.1" 200 22637
"GET /static/vendor/select2/css/select2.min.css HTTP/1.1" 200 16264
"GET /static/admin/js/jquery.init.js HTTP/1.1" 200 347
"GET /static/admin/js/core.js HTTP/1.1" 200 5682
"GET /static/admin/js/vendor/jquery/jquery.min.js HTTP/1.1" 200 89795
"GET /static/admin/js/admin/RelatedObjectLookups.js HTTP/1.1" 200 8943
"GET /admin/jsi18n/ HTTP/1.1" 200 3343
"GET /static/admin/js/actions.js HTTP/1.1" 200 7872
"GET /static/admin/js/urlify.js HTTP/1.1" 200 7887
"GET /static/admin/js/vendor/xregexp/xregexp.min.js HTTP/1.1" 200 125266
"GET /static/jazzmin/js/change_list.js HTTP/1.1" 200 2252
"GET /static/vendor/select2/js/select2.min.js HTTP/1.1" 200 73170
"GET /static/admin/js/prepopulate.js HTTP/1.1" 200 1531
Exception while resolving variable 'dark_mode_theme' in template 'admin/change_list.html'.
Traceback (most recent call last):
  File "C:\Users\USER\Documents\Git\inverter_project\venv\lib\site-packages\django\template\base.py", line 880, in _resolve_lookup
    current = current[bit]
KeyError: 'dark_mode_theme'

During handling of the above exception, another exception occurred:

Traceback (most recent call last):
  File "C:\Users\USER\Documents\Git\inverter_project\venv\lib\site-packages\django\template\base.py", line 890, in _resolve_lookup
    current = getattr(current, bit)
AttributeError: 'dict' object has no attribute 'dark_mode_theme'

During handling of the above exception, another exception occurred:

Traceback (most recent call last):
  File "C:\Users\USER\Documents\Git\inverter_project\venv\lib\site-packages\django\template\base.py", line 896, in _resolve_lookup
    current = current[int(bit)]
ValueError: invalid literal for int() with base 10: 'dark_mode_theme'

During handling of the above exception, another exception occurred:

Traceback (most recent call last):
  File "C:\Users\USER\Documents\Git\inverter_project\venv\lib\site-packages\django\template\base.py", line 903, in _resolve_lookup
    raise VariableDoesNotExist(
django.template.base.VariableDoesNotExist: Failed lookup for key [dark_mode_theme] in {'raw': {'navbar_small_text': False, 'footer_small_text': False, 'body_small_text': False, 'brand_small_text': False, 'brand_colour': False, 'accent': 'accent-primary', 'navbar': 'navbar-white navbar-light', 'no_navbar_border': False, 'navbar_fixed': False, 'layout_boxed': False, 'footer_fixed': False, 'sidebar_fixed': False, 'sidebar': 'sidebar-dark-primary', 'sidebar_nav_small_text': False, 'sidebar_disable_expand': False, 'sidebar_nav_child_indent': False, 'sidebar_nav_compact_style': False, 'sidebar_nav_legacy_style': False, 'sidebar_nav_flat_style': False, 'theme': 'default', 'dark_mode_theme': None, 'button_classes': {'primary': 'btn-primary', 'secondary': 'btn-secondary', 'info': 'btn-info', 'warning': 'btn-warning', 'danger': 'btn-danger', 'success': 'btn-success'}}, 'theme': {'name': 'default', 'src': '/static/vendor/bootswatch/default/bootstrap.min.css'}, 'sidebar_classes': 'sidebar-dark-primary', 'navbar_classes': 'navbar-white navbar-light', 'body_classes': 'accent-primary theme-default', 'actions_classes': '', 'sidebar_list_classes': '', 'brand_classes': '', 'footer_classes': '', 'button_classes': {'primary': 'btn-primary', 'secondary': 'btn-secondary', 'info': 'btn-info', 'warning': 'btn-warning', 'danger': 'btn-danger', 'success': 'btn-success'}}
Exception while resolving variable 'dark_mode_theme' in template 'admin/change_list.html'.
Traceback (most recent call last):
  File "C:\Users\USER\Documents\Git\inverter_project\venv\lib\site-packages\django\template\base.py", line 880, in _resolve_lookup
    current = current[bit]
KeyError: 'dark_mode_theme'

During handling of the above exception, another exception occurred:

Traceback (most recent call last):
  File "C:\Users\USER\Documents\Git\inverter_project\venv\lib\site-packages\django\template\base.py", line 890, in _resolve_lookup
    current = getattr(current, bit)
AttributeError: 'dict' object has no attribute 'dark_mode_theme'

During handling of the above exception, another exception occurred:

Traceback (most recent call last):
  File "C:\Users\USER\Documents\Git\inverter_project\venv\lib\site-packages\django\template\base.py", line 896, in _resolve_lookup
    current = current[int(bit)]
ValueError: invalid literal for int() with base 10: 'dark_mode_theme'

During handling of the above exception, another exception occurred:

Traceback (most recent call last):
  File "C:\Users\USER\Documents\Git\inverter_project\venv\lib\site-packages\django\template\base.py", line 903, in _resolve_lookup
    raise VariableDoesNotExist(
django.template.base.VariableDoesNotExist: Failed lookup for key [dark_mode_theme] in {'raw': {'navbar_small_text': False, 'footer_small_text': False, 'body_small_text': False, 'brand_small_text': False, 'brand_colour': False, 'accent': 'accent-primary', 'navbar': 'navbar-white navbar-light', 'no_navbar_border': False, 'navbar_fixed': False, 'layout_boxed': False, 'footer_fixed': False, 'sidebar_fixed': False, 'sidebar': 'sidebar-dark-primary', 'sidebar_nav_small_text': False, 'sidebar_disable_expand': False, 'sidebar_nav_child_indent': False, 'sidebar_nav_compact_style': False, 'sidebar_nav_legacy_style': False, 'sidebar_nav_flat_style': False, 'theme': 'default', 'dark_mode_theme': None, 'button_classes': {'primary': 'btn-primary', 'secondary': 'btn-secondary', 'info': 'btn-info', 'warning': 'btn-warning', 'danger': 'btn-danger', 'success': 'btn-success'}}, 'theme': {'name': 'default', 'src': '/static/vendor/bootswatch/default/bootstrap.min.css'}, 'sidebar_classes': 'sidebar-dark-primary', 'navbar_classes': 'navbar-white navbar-light', 'body_classes': 'accent-primary theme-default', 'actions_classes': '', 'sidebar_list_classes': '', 'brand_classes': '', 'footer_classes': '', 'button_classes': {'primary': 'btn-primary', 'secondary': 'btn-secondary', 'info': 'btn-info', 'warning': 'btn-warning', 'danger': 'btn-danger', 'success': 'btn-success'}}
Exception while resolving variable 'sorted' in template 'admin/change_list.html'.
Traceback (most recent call last):
  File "C:\Users\USER\Documents\Git\inverter_project\venv\lib\site-packages\django\template\base.py", line 880, in _resolve_lookup
    current = current[bit]
KeyError: 'sorted'

During handling of the above exception, another exception occurred:

Traceback (most recent call last):
  File "C:\Users\USER\Documents\Git\inverter_project\venv\lib\site-packages\django\template\base.py", line 890, in _resolve_lookup
    current = getattr(current, bit)
AttributeError: 'dict' object has no attribute 'sorted'

During handling of the above exception, another exception occurred:

Traceback (most recent call last):
  File "C:\Users\USER\Documents\Git\inverter_project\venv\lib\site-packages\django\template\base.py", line 896, in _resolve_lookup
    current = current[int(bit)]
ValueError: invalid literal for int() with base 10: 'sorted'

During handling of the above exception, another exception occurred:

Traceback (most recent call last):
  File "C:\Users\USER\Documents\Git\inverter_project\venv\lib\site-packages\django\template\base.py", line 903, in _resolve_lookup
    raise VariableDoesNotExist(
django.template.base.VariableDoesNotExist: Failed lookup for key [sorted] in {'text': '<input type="checkbox" id="action-toggle">', 'class_attrib': ' class="action-checkbox-column"', 'sortable': False}
Exception while resolving variable 'filter_input_length' in template 'admin/change_list.html'.
Traceback (most recent call last):
  File "C:\Users\USER\Documents\Git\inverter_project\venv\lib\site-packages\django\template\base.py", line 880, in _resolve_lookup
    current = current[bit]
TypeError: 'CalculationAdmin' object is not subscriptable

During handling of the above exception, another exception occurred:

Traceback (most recent call last):
  File "C:\Users\USER\Documents\Git\inverter_project\venv\lib\site-packages\django\template\base.py", line 890, in _resolve_lookup
    current = getattr(current, bit)
AttributeError: 'CalculationAdmin' object has no attribute 'filter_input_length'

During handling of the above exception, another exception occurred:

Traceback (most recent call last):
  File "C:\Users\USER\Documents\Git\inverter_project\venv\lib\site-packages\django\template\base.py", line 896, in _resolve_lookup
    current = current[int(bit)]
ValueError: invalid literal for int() with base 10: 'filter_input_length'

During handling of the above exception, another exception occurred:

Traceback (most recent call last):
  File "C:\Users\USER\Documents\Git\inverter_project\venv\lib\site-packages\django\template\base.py", line 903, in _resolve_lookup
    raise VariableDoesNotExist(
django.template.base.VariableDoesNotExist: Failed lookup for key [filter_input_length] in <CalculationAdmin: model=Calculation site=AdminSite(name='admin')>
"GET /admin/power_calculator/calculation/ HTTP/1.1" 200 22637
"GET /static/vendor/fontawesome-free/css/all.min.css HTTP/1.1" 304 0
"GET /static/vendor/adminlte/css/adminlte.min.css HTTP/1.1" 304 0
"GET /static/admin/js/vendor/jquery/jquery.min.js HTTP/1.1" 304 0
"GET /static/admin/js/core.js HTTP/1.1" 304 0
"GET /static/admin/js/jquery.init.js HTTP/1.1" 304 0
"GET /static/admin/js/admin/RelatedObjectLookups.js HTTP/1.1" 304 0
"GET /static/admin/js/urlify.js HTTP/1.1" 304 0
"GET /static/admin/js/actions.js HTTP/1.1" 304 0
"GET /static/vendor/select2/css/select2.min.css HTTP/1.1" 304 0
"GET /static/jazzmin/css/main.css HTTP/1.1" 304 0
"GET /static/admin/js/vendor/xregexp/xregexp.min.js HTTP/1.1" 304 0
"GET /static/admin/js/prepopulate.js HTTP/1.1" 304 0
"GET /static/vendor/adminlte/img/AdminLTELogo.png HTTP/1.1" 304 0
"GET /static/admin/js/vendor/jquery/jquery.js HTTP/1.1" 304 0
"GET /static/vendor/bootstrap/js/bootstrap.min.js HTTP/1.1" 304 0
"GET /static/jazzmin/js/main.js HTTP/1.1" 304 0
"GET /static/vendor/adminlte/js/adminlte.min.js HTTP/1.1" 304 0
"GET /static/vendor/select2/js/select2.min.js HTTP/1.1" 304 0
"GET /static/jazzmin/js/change_list.js HTTP/1.1" 304 0
"GET /admin/jsi18n/ HTTP/1.1" 200 3343
"GET /static/vendor/fontawesome-free/webfonts/fa-solid-900.woff2 HTTP/1.1" 304 0
"GET /static/vendor/fontawesome-free/webfonts/fa-regular-400.woff2 HTTP/1.1" 304 0
Exception while resolving variable 'dark_mode_theme' in template 'admin/change_list.html'.
Traceback (most recent call last):
  File "C:\Users\USER\Documents\Git\inverter_project\venv\lib\site-packages\django\template\base.py", line 880, in _resolve_lookup
    current = current[bit]
KeyError: 'dark_mode_theme'

During handling of the above exception, another exception occurred:

Traceback (most recent call last):
  File "C:\Users\USER\Documents\Git\inverter_project\venv\lib\site-packages\django\template\base.py", line 890, in _resolve_lookup
    current = getattr(current, bit)
AttributeError: 'dict' object has no attribute 'dark_mode_theme'

During handling of the above exception, another exception occurred:

Traceback (most recent call last):
  File "C:\Users\USER\Documents\Git\inverter_project\venv\lib\site-packages\django\template\base.py", line 896, in _resolve_lookup
    current = current[int(bit)]
ValueError: invalid literal for int() with base 10: 'dark_mode_theme'

During handling of the above exception, another exception occurred:

Traceback (most recent call last):
  File "C:\Users\USER\Documents\Git\inverter_project\venv\lib\site-packages\django\template\base.py", line 903, in _resolve_lookup
    raise VariableDoesNotExist(
django.template.base.VariableDoesNotExist: Failed lookup for key [dark_mode_theme] in {'raw': {'navbar_small_text': False, 'footer_small_text': False, 'body_small_text': False, 'brand_small_text': False, 'brand_colour': False, 'accent': 'accent-primary', 'navbar': 'navbar-white navbar-light', 'no_navbar_border': False, 'navbar_fixed': False, 'layout_boxed': False, 'footer_fixed': False, 'sidebar_fixed': False, 'sidebar': 'sidebar-dark-primary', 'sidebar_nav_small_text': False, 'sidebar_disable_expand': False, 'sidebar_nav_child_indent': False, 'sidebar_nav_compact_style': False, 'sidebar_nav_legacy_style': False, 'sidebar_nav_flat_style': False, 'theme': 'default', 'dark_mode_theme': None, 'button_classes': {'primary': 'btn-primary', 'secondary': 'btn-secondary', 'info': 'btn-info', 'warning': 'btn-warning', 'danger': 'btn-danger', 'success': 'btn-success'}}, 'theme': {'name': 'default', 'src': '/static/vendor/bootswatch/default/bootstrap.min.css'}, 'sidebar_classes': 'sidebar-dark-primary', 'navbar_classes': 'navbar-white navbar-light', 'body_classes': 'accent-primary theme-default', 'actions_classes': '', 'sidebar_list_classes': '', 'brand_classes': '', 'footer_classes': '', 'button_classes': {'primary': 'btn-primary', 'secondary': 'btn-secondary', 'info': 'btn-info', 'warning': 'btn-warning', 'danger': 'btn-danger', 'success': 'btn-success'}}
Exception while resolving variable 'dark_mode_theme' in template 'admin/change_list.html'.
Traceback (most recent call last):
  File "C:\Users\USER\Documents\Git\inverter_project\venv\lib\site-packages\django\template\base.py", line 880, in _resolve_lookup
    current = current[bit]
KeyError: 'dark_mode_theme'

During handling of the above exception, another exception occurred:

Traceback (most recent call last):
  File "C:\Users\USER\Documents\Git\inverter_project\venv\lib\site-packages\django\template\base.py", line 890, in _resolve_lookup
    current = getattr(current, bit)
AttributeError: 'dict' object has no attribute 'dark_mode_theme'

During handling of the above exception, another exception occurred:

Traceback (most recent call last):
  File "C:\Users\USER\Documents\Git\inverter_project\venv\lib\site-packages\django\template\base.py", line 896, in _resolve_lookup
    current = current[int(bit)]
ValueError: invalid literal for int() with base 10: 'dark_mode_theme'

During handling of the above exception, another exception occurred:

Traceback (most recent call last):
  File "C:\Users\USER\Documents\Git\inverter_project\venv\lib\site-packages\django\template\base.py", line 903, in _resolve_lookup
    raise VariableDoesNotExist(
django.template.base.VariableDoesNotExist: Failed lookup for key [dark_mode_theme] in {'raw': {'navbar_small_text': False, 'footer_small_text': False, 'body_small_text': False, 'brand_small_text': False, 'brand_colour': False, 'accent': 'accent-primary', 'navbar': 'navbar-white navbar-light', 'no_navbar_border': False, 'navbar_fixed': False, 'layout_boxed': False, 'footer_fixed': False, 'sidebar_fixed': False, 'sidebar': 'sidebar-dark-primary', 'sidebar_nav_small_text': False, 'sidebar_disable_expand': False, 'sidebar_nav_child_indent': False, 'sidebar_nav_compact_style': False, 'sidebar_nav_legacy_style': False, 'sidebar_nav_flat_style': False, 'theme': 'default', 'dark_mode_theme': None, 'button_classes': {'primary': 'btn-primary', 'secondary': 'btn-secondary', 'info': 'btn-info', 'warning': 'btn-warning', 'danger': 'btn-danger', 'success': 'btn-success'}}, 'theme': {'name': 'default', 'src': '/static/vendor/bootswatch/default/bootstrap.min.css'}, 'sidebar_classes': 'sidebar-dark-primary', 'navbar_classes': 'navbar-white navbar-light', 'body_classes': 'accent-primary theme-default', 'actions_classes': '', 'sidebar_list_classes': '', 'brand_classes': '', 'footer_classes': '', 'button_classes': {'primary': 'btn-primary', 'secondary': 'btn-secondary', 'info': 'btn-info', 'warning': 'btn-warning', 'danger': 'btn-danger', 'success': 'btn-success'}}
Exception while resolving variable 'sorted' in template 'admin/change_list.html'.
Traceback (most recent call last):
  File "C:\Users\USER\Documents\Git\inverter_project\venv\lib\site-packages\django\template\base.py", line 880, in _resolve_lookup
    current = current[bit]
KeyError: 'sorted'

During handling of the above exception, another exception occurred:

Traceback (most recent call last):
  File "C:\Users\USER\Documents\Git\inverter_project\venv\lib\site-packages\django\template\base.py", line 890, in _resolve_lookup
    current = getattr(current, bit)
AttributeError: 'dict' object has no attribute 'sorted'

During handling of the above exception, another exception occurred:

Traceback (most recent call last):
  File "C:\Users\USER\Documents\Git\inverter_project\venv\lib\site-packages\django\template\base.py", line 896, in _resolve_lookup
    current = current[int(bit)]
ValueError: invalid literal for int() with base 10: 'sorted'

During handling of the above exception, another exception occurred:

Traceback (most recent call last):
  File "C:\Users\USER\Documents\Git\inverter_project\venv\lib\site-packages\django\template\base.py", line 903, in _resolve_lookup
    raise VariableDoesNotExist(
django.template.base.VariableDoesNotExist: Failed lookup for key [sorted] in {'text': '<input type="checkbox" id="action-toggle">', 'class_attrib': ' class="action-checkbox-column"', 'sortable': False}
Exception while resolving variable 'sorted' in template 'admin/change_list.html'.
Traceback (most recent call last):
  File "C:\Users\USER\Documents\Git\inverter_project\venv\lib\site-packages\django\template\base.py", line 880, in _resolve_lookup
    current = current[bit]
KeyError: 'sorted'

During handling of the above exception, another exception occurred:

Traceback (most recent call last):
  File "C:\Users\USER\Documents\Git\inverter_project\venv\lib\site-packages\django\template\base.py", line 890, in _resolve_lookup
    current = getattr(current, bit)
AttributeError: 'dict' object has no attribute 'sorted'

During handling of the above exception, another exception occurred:

Traceback (most recent call last):
  File "C:\Users\USER\Documents\Git\inverter_project\venv\lib\site-packages\django\template\base.py", line 896, in _resolve_lookup
    current = current[int(bit)]
ValueError: invalid literal for int() with base 10: 'sorted'

During handling of the above exception, another exception occurred:

Traceback (most recent call last):
  File "C:\Users\USER\Documents\Git\inverter_project\venv\lib\site-packages\django\template\base.py", line 903, in _resolve_lookup
    raise VariableDoesNotExist(
django.template.base.VariableDoesNotExist: Failed lookup for key [sorted] in {'text': 'appliance', 'class_attrib': ' class="column-__str__"', 'sortable': False}
Exception while resolving variable 'filter_input_length' in template 'admin/change_list.html'.
Traceback (most recent call last):
  File "C:\Users\USER\Documents\Git\inverter_project\venv\lib\site-packages\django\template\base.py", line 880, in _resolve_lookup
    current = current[bit]
TypeError: 'ModelAdmin' object is not subscriptable

During handling of the above exception, another exception occurred:

Traceback (most recent call last):
  File "C:\Users\USER\Documents\Git\inverter_project\venv\lib\site-packages\django\template\base.py", line 890, in _resolve_lookup
    current = getattr(current, bit)
AttributeError: 'ModelAdmin' object has no attribute 'filter_input_length'

During handling of the above exception, another exception occurred:

Traceback (most recent call last):
  File "C:\Users\USER\Documents\Git\inverter_project\venv\lib\site-packages\django\template\base.py", line 896, in _resolve_lookup
    current = current[int(bit)]
ValueError: invalid literal for int() with base 10: 'filter_input_length'

During handling of the above exception, another exception occurred:

Traceback (most recent call last):
  File "C:\Users\USER\Documents\Git\inverter_project\venv\lib\site-packages\django\template\base.py", line 903, in _resolve_lookup
    raise VariableDoesNotExist(
django.template.base.VariableDoesNotExist: Failed lookup for key [filter_input_length] in <ModelAdmin: model=Appliance site=AdminSite(name='admin')>
"GET /admin/power_calculator/appliance/ HTTP/1.1" 200 21855
"GET /admin/jsi18n/ HTTP/1.1" 200 3343
"GET /api/v1/docs HTTP/1.1" 301 0
"GET /api/v1/docs/ HTTP/1.1" 200 2407
"GET /static/drf-yasg/style.css HTTP/1.1" 200 1047
"GET /static/drf-yasg/immutable.min.js HTTP/1.1" 200 56904
"GET /static/drf-yasg/insQ.min.js HTTP/1.1" 200 2093
"GET /static/drf-yasg/swagger-ui-dist/swagger-ui.css HTTP/1.1" 200 145206
"GET /static/drf-yasg/swagger-ui-init.js HTTP/1.1" 200 14964
"GET /static/drf-yasg/swagger-ui-dist/swagger-ui-standalone-preset.js HTTP/1.1" 200 322863
"GET /static/drf-yasg/swagger-ui-dist/swagger-ui-bundle.js HTTP/1.1" 200 1046583
"GET /static/drf-yasg/swagger-ui-dist/favicon-32x32.png HTTP/1.1" 200 628
"GET /api/v1/docs/?format=openapi HTTP/1.1" 200 4820
